Probability,Num Builders,Num Searchers,Avg Bid,Avg Rebate,Avg Reward Builders,Avg Reward Searchers
0.0,1,9,0.10932858623868119,0.05025806451612903,1.808748870085173,0.9038219992963211
0.0,1,9,0.12468265662777354,0.07832258064516125,1.9110061886134058,0.8818245998877194
0.0,1,9,0.10974917323918865,0.02161290322580645,1.9609920716296871,0.8996643960005536
0.0,1,9,0.10496001050527187,0.10438709677419354,1.7150252169725868,0.8967431814790535
0.0,1,9,0.1164816242586345,0.0967741935483871,1.82463110897985,0.928501016019143
0.0,1,9,0.11102823613321675,0.0589032258064516,1.8453951073164305,0.9144930858081876
0.0,1,9,0.11972907196622534,0.05148387096774192,1.9929324294826096,0.8961482233890441
0.0,1,9,0.1335991401199081,0.14864516129032254,1.7746193166215618,0.8983405163065887
0.0,1,9,0.10938912895982338,0.04045161290322579,1.9278314266392909,0.878466971084562
0.0,1,9,0.10383655907639927,0.06761290322580643,1.7589879181078727,0.9105129113805224
0.0,2,8,0.2336334751852509,0.6709032258064516,0.4263065034343532,0.8775356713680039
0.0,2,8,0.1799415624074833,0.6255483870967742,0.4413820772923399,0.9171730216693932
0.0,2,8,0.17930139796089473,0.6378709677419356,0.451233537859977,0.9277119108933417
0.0,2,8,0.17512455407248873,0.6874516129032259,0.3743492220768517,0.9320982243669443
0.0,2,8,0.20793999052292497,0.6648387096774195,0.4238058523691564,0.9045739117410093
0.0,2,8,0.17700127957196676,0.6315806451612902,0.44722574520004754,0.9344789317350947
0.0,2,8,0.17841985194204152,0.6209032258064516,0.475502708309082,0.9337527622823276
0.0,2,8,0.2289544410790941,0.76,0.21500396605675842,0.858692768499541
0.0,2,8,0.17239093110775766,0.5543548387096774,0.50173102284838,0.915722852584649
0.0,2,8,0.17870668420419075,0.588741935483871,0.5628222108507331,0.9391237348610876
0.0,3,7,0.19304689010657958,0.7011827956989248,0.22101014733973587,0.9008753461861072
0.0,3,7,0.204451175685761,0.7524516129032257,0.13581160994608996,0.9273660832238495
0.0,3,7,0.18112815805812868,0.8585806451612903,0.11174835696235558,0.9500704927773077
0.0,3,7,0.1584527163527498,0.6142365591397849,0.3076250942741311,0.9422713486364892
0.0,3,7,0.1931154611071385,0.5572903225806453,0.34683379014057153,0.8897336894041419
0.0,3,7,0.17996176573826064,0.6746881720430108,0.24421445881356388,0.9272236329838877
0.0,3,7,0.17514883488017327,0.8150322580645162,0.13092655039752085,0.9206241155706554
0.0,3,7,0.13755763084182576,0.5845806451612904,0.31916829523755474,0.9586278273969672
0.0,3,7,0.19352466868485374,0.5988602150537635,0.312320612275534,0.9051718386765458
0.0,3,7,0.1851327483059658,0.7059354838709678,0.211267597987238,0.9039724221368463
0.0,4,6,0.15580697816663355,0.6401935483870967,0.10806311344072066,0.9277014791736001
0.0,4,6,0.1556565975641272,0.5641451612903224,0.18251004570487508,0.9350081463064837
0.0,4,6,0.19553908914641288,0.7883387096774194,0.1820763264476897,0.9276122461723321
0.0,4,6,0.2028178256607885,0.7252580645161291,0.1853467514645221,0.949684450043638
0.0,4,6,0.1633843618370779,0.7628225806451611,0.22546999283663494,0.965804683092603
0.0,4,6,0.2045344218486654,0.783758064516129,0.18991949584635143,0.9297829145208238
0.0,4,6,0.20379605865595643,0.6662258064516127,0.17392612713492536,0.8908021130546433
0.0,4,6,0.20052761212782605,0.631241935483871,0.228572224464648,0.9261498556304021
0.0,4,6,0.19844350331974495,0.7046451612903225,0.2539706165927125,0.9299688717273114
0.0,4,6,0.2190243494092106,0.8633387096774195,0.07620680444221488,0.9269630785183548
0.0,5,5,0.20234532431152183,0.8063870967741936,0.07190412134674369,0.9495923517551532
0.0,5,5,0.2062823294092982,0.8380129032258065,0.10933871069100536,0.9650457266718153
0.0,5,5,0.19218023792006936,0.7876516129032258,0.14160635322878268,0.9517494930405167
0.0,5,5,0.19946927906662398,0.7379354838709676,0.15068779918190653,0.9354927638414282
0.0,5,5,0.133473641226537,0.6716645161290323,0.15277777625589387,0.9490952198533664
0.0,5,5,0.22377536366472497,0.7862193548387097,0.13514275911330498,0.8842822121683324
0.0,5,5,0.22577829422680482,0.8235483870967742,0.09963851775171406,0.9423733367335044
0.0,5,5,0.23401465466067461,0.7819354838709677,0.11167297655431227,0.9491781013617351
0.0,5,5,0.1990282974618788,0.8245935483870968,0.06157682875313231,0.9460995572011766
0.0,5,5,0.25285916248203033,0.6848129032258065,0.1624440370515538,0.8811272376433633
0.0,6,4,0.22423655390668884,0.7588494623655913,0.09379741364109176,0.9513096636351243
0.0,6,4,0.2665461519096437,0.6858172043010752,0.13123314532764663,0.8824237258546895
0.0,6,4,0.25486622428346517,0.7202258064516128,0.12322272449171956,0.9339658044182285
0.0,6,4,0.2315905008037164,0.7129784946236559,0.09560805427738743,0.9560332819793194
0.0,6,4,0.160707387531943,0.7219354838709678,0.09924494153011665,1.0501021939603852
0.0,6,4,0.20111158541997548,0.718720430107527,0.07500408675583234,1.0097003647633491
0.0,6,4,0.21238255203419829,0.6242365591397849,0.11878453812273912,0.9423202962054286
0.0,6,4,0.266712405654846,0.8384408602150537,0.10805518060601026,0.9413784603834858
0.0,6,4,0.17925860733144958,0.6938494623655913,0.11997006082339012,0.9977917393518366
0.0,6,4,0.18452907369792326,0.5566774193548387,0.1478183120200845,0.9323355075828517
0.0,7,3,0.30764565927263343,0.8044239631336404,0.0851671398316735,0.9649974890304075
0.0,7,3,0.20981211756495144,0.7894562211981567,0.0931618960712465,1.0322437566929916
0.0,7,3,0.18748078171984336,0.5916774193548388,0.07564740544522229,1.0427123966739567
0.0,7,3,0.19604626872896436,0.6971428571428572,0.11206711246637112,1.0376158321120355
0.0,7,3,0.2965789135248718,0.7613548387096774,0.08161785241428,0.9681823427721545
0.0,7,3,0.2822984516750679,0.7734746543778801,0.06771513067873201,0.9895871958236837
0.0,7,3,0.22232854997190377,0.7509677419354838,0.08190563353656037,1.0143341596226598
0.0,7,3,0.19826496744233235,0.7342672811059907,0.09676927487051931,1.031185759277168
0.0,7,3,0.25420820705223274,0.7001382488479262,0.05545467670454513,0.9693912018093577
0.0,7,3,0.19614129060663651,0.7056774193548387,0.10930006076071361,1.0152066144368617
0.0,8,2,0.20487079905205435,0.6606048387096775,0.08780830646144532,1.155228357470992
0.0,8,2,0.17971511296968948,0.47168548387096776,0.10015069954262376,1.0135524954136634
0.0,8,2,0.38733325519597583,0.7933225806451613,0.0981619445129474,1.0447864380687382
0.0,8,2,0.24955723538892857,0.7309677419354839,0.08307701266938367,1.091418831737556
0.0,8,2,0.17313955844853282,0.5595806451612904,0.10932966945513709,1.1019319993948633
0.0,8,2,0.23389677082677549,0.8076048387096774,0.04753876560410249,1.156156619295091
0.0,8,2,0.12313487139017593,0.5273951612903226,0.11761335232443702,1.147765371838659
0.0,8,2,0.23524374626962563,0.6267903225806452,0.0951360123437699,1.1023120772906172
0.0,8,2,0.21025568723325497,0.6679032258064517,0.1256977155664924,1.1112753114893013
0.0,8,2,0.1535552662274003,0.6428629032258063,0.10638801547454835,1.1807992717551743
0.0,9,1,0.19476045949830575,0.4918566308243727,0.0980824175549226,1.2930786198971402
0.0,9,1,0.10198962597744453,0.5200573476702509,0.07770062588483316,1.4285500658428332
0.0,9,1,0.07893808817922451,0.4537562724014336,0.09768274155177226,1.267248116308997
0.0,9,1,0.10244681021414456,0.5124301075268817,0.0672300868378495,1.434047032523062
0.0,9,1,0.11277575922148916,0.5669605734767024,0.08091714386760955,1.4530756975458965
0.0,9,1,0.08476019317545035,0.5638136200716845,0.08587005708074036,1.4263218583598067
0.0,9,1,0.1763054968271362,0.4570967741935484,0.08018025284865044,1.3507717915770336
0.0,9,1,0.14747168072669706,0.6099713261648744,0.09678584781411906,1.5114263776322419
0.0,9,1,0.12123977805037214,0.6759139784946235,0.05360717049392628,1.5703732682398017
0.0,9,1,0.28874225995849634,0.7593763440860215,0.0763461909687598,1.4664969393852758
0.1,1,9,0.20487416635104405,0.0019999999999999996,2.543388401630915,0.643231626944869
0.1,1,9,0.2285545162106098,0.0036129032258064514,2.7566231468991504,0.6214106595398331
0.1,1,9,0.2686251223829911,0.1870322580645161,2.4850851591488303,0.6730299417433837
0.1,1,9,0.23525465860627942,0.16180645161290322,2.329870714865101,0.6438617836024694
0.1,1,9,0.28202163687553355,0.07999999999999997,2.7591453345100008,0.5917771604294293
0.1,1,9,0.19056268631069986,0.011225806451612903,2.3712244132197893,0.637176231141722
0.1,1,9,0.18736564423921365,0.02129032258064516,2.352063360791313,0.6744686154693746
0.1,1,9,0.18439077665743492,0.04864516129032257,2.2748152095427523,0.6808684216016991
0.1,1,9,0.20026481365956836,0.12232258064516129,2.2121624364544643,0.6786234813749122
0.1,1,9,0.19307125857251844,0.03238709677419355,2.3145926746284244,0.6591085679231028
0.1,2,8,0.3137658029425527,0.7889677419354839,0.28522878024595344,0.7712915531029919
0.1,2,8,0.3238140683239502,0.5488709677419356,0.8878557096953185,0.7462566764565716
0.1,2,8,0.3414930374309134,0.8108387096774192,0.28325244679910544,0.7419967738131443
0.1,2,8,0.2842574586092403,0.7856774193548388,0.25347477593942497,0.7604367665738182
0.1,2,8,0.3730709230552566,0.7848709677419354,0.24342714167100202,0.7042614605283832
0.1,2,8,0.3262437680966772,0.7150322580645161,0.3917863165231418,0.7337953083489577
0.1,2,8,0.33410197292898863,0.6752903225806454,0.6226977247644029,0.7631708754299735
0.1,2,8,0.29853394751477763,0.6867096774193548,0.45653997094788407,0.7761201049868807
0.1,2,8,0.3011433853230032,0.7545806451612902,0.3444849072063645,0.7559175117911903
0.1,2,8,0.3094177443533417,0.7378387096774193,0.38749130743063753,0.7743014416203543
0.1,3,7,0.3099137793448849,0.8452903225806451,0.14192846290711394,0.7650578614536757
0.1,3,7,0.30827870767119714,0.7168602150537633,0.30682074183271674,0.7620882921300153
0.1,3,7,0.25618393884008067,0.7183010752688171,0.2226293999205535,0.8016944282049622
0.1,3,7,0.2379848128736622,0.7747956989247311,0.17938205360129472,0.7781317721665489
0.1,3,7,0.258745170616915,0.7362150537634409,0.2050458009678325,0.7846062910291843
0.1,3,7,0.23460923253935204,0.6676774193548388,0.3785972712339543,0.801890191991874
0.1,3,7,0.2480729823971683,0.6896129032258066,0.3007928034676386,0.794541925762508
0.1,3,7,0.23215701322687546,0.6913548387096773,0.28597067343981947,0.792699472565511
0.1,3,7,0.2744013849912706,0.8740430107526881,0.11543698747536706,0.7742559394789109
0.1,3,7,0.22714240794128154,0.659741935483871,0.3053516452131705,0.8252235046458949
0.1,4,6,0.2710228470031,0.7632741935483871,0.09546910573055631,0.8041229399513868
0.1,4,6,0.2969395805980062,0.8151451612903227,0.08558825306454017,0.8018954085463232
0.1,4,6,0.2696680320618666,0.8366451612903225,0.10480029372133665,0.8319510001093713
0.1,4,6,0.2688023560756693,0.8203225806451612,0.10054648726460064,0.8047470823787485
0.1,4,6,0.26220526795867466,0.7500161290322581,0.17366169720670335,0.7857742669816794
0.1,4,6,0.28420598361741484,0.7549516129032259,0.20652545640625453,0.7882228924395237
0.1,4,6,0.19739742535084645,0.7197580645161291,0.17504430456918538,0.8728127085621042
0.1,4,6,0.23026239475410165,0.7414677419354839,0.20736150994045185,0.8326170448986101
0.1,4,6,0.2881020722052825,0.8177419354838711,0.15053763703225256,0.7812323821376391
0.1,4,6,0.2756848023915985,0.7582741935483871,0.20020242944424285,0.7975806076334574
0.1,5,5,0.25660256700352113,0.7904387096774194,0.1561817972482357,0.8345087955076187
0.1,5,5,0.24349344653798352,0.7588774193548387,0.1813127810440607,0.8669244611798269
0.1,5,5,0.2831224078059661,0.751716129032258,0.1602223448458952,0.8236588314504459
0.1,5,5,0.23730379507559007,0.7952387096774194,0.09282129076559072,0.8890459084883694
0.1,5,5,0.21218215517020406,0.7033677419354839,0.18063761811577142,0.8436872094566265
0.1,5,5,0.30724612985886024,0.7668903225806453,0.19578552438410873,0.8173898569930018
0.1,5,5,0.26007222538085395,0.9139870967741935,0.04495430249837865,0.8713494312121595
0.1,5,5,0.2861519656660326,0.77,0.14591425293197266,0.8228369663891454
0.1,5,5,0.2981526429465308,0.7745935483870968,0.11196653359931003,0.7915761245837343
0.1,5,5,0.24674312064268059,0.6840645161290322,0.1753916714994106,0.8486402797849772
0.1,6,4,0.3125225829213624,0.7895913978494623,0.16415852632969405,0.8534075964811887
0.1,6,4,0.24686396374306777,0.7550752688172042,0.12286628257472132,0.9360474240184367
0.1,6,4,0.23941613159855551,0.7680322580645161,0.13092333381773805,0.8944262116874057
0.1,6,4,0.260752842704006,0.7708064516129032,0.06952668873386894,0.8917717935362582
0.1,6,4,0.22196850449645483,0.669258064516129,0.09316968024149865,0.8925159322532757
0.1,6,4,0.28899329627038567,0.7738494623655913,0.1176525312040438,0.8173246006630417
0.1,6,4,0.2598764690360972,0.7584301075268819,0.14808247425065518,0.8882479250449494
0.1,6,4,0.25285218018717615,0.8223548387096774,0.07754747377857578,0.8818241335958417
0.1,6,4,0.24565112463573532,0.6786881720430107,0.10834335376710301,0.8724827197974382
0.1,6,4,0.24603621395480998,0.687,0.12392106941133885,0.9132934317180645
0.1,7,3,0.23637847353339386,0.6538709677419355,0.12095340831685712,0.919702669152219
0.1,7,3,0.15288729108045487,0.6743963133640553,0.09697364664170548,1.0638684711456878
0.1,7,3,0.2148225641187416,0.6202119815668202,0.10458302875928245,0.943046329630746
0.1,7,3,0.22671238649884617,0.6847465437788018,0.07112697953008246,1.0308686207989097
0.1,7,3,0.290040756940027,0.7583870967741935,0.10712766676047565,0.9298829708198199
0.1,7,3,0.28279452011474177,0.7133824884792628,0.12951036130792415,0.9644865379516848
0.1,7,3,0.20690437090800554,0.602589861751152,0.1009311190624356,0.973688290081827
0.1,7,3,0.27258186046860533,0.7456682027649769,0.10266859109288289,0.9386165541729367
0.1,7,3,0.2370851298070263,0.6664976958525345,0.09757226964949758,0.9505032630733306
0.1,7,3,0.2508134499410034,0.7665806451612902,0.0902195713192719,0.9709724336109643
0.1,8,2,0.18078994942910442,0.5869516129032258,0.11064482623104088,1.10844043819434
0.1,8,2,0.35604939839526845,0.7319516129032257,0.0812132818031085,0.9540369001928225
0.1,8,2,0.2467207532490637,0.6353467741935483,0.11032434328627985,1.0403238306073737
0.1,8,2,0.19212408002887466,0.5690080645161291,0.056868360520230796,1.0575473268788165
0.1,8,2,0.22316653215357352,0.6571693548387096,0.07852783437851255,1.080964001488891
0.1,8,2,0.26636313959395796,0.5792258064516129,0.1059094293218811,1.0693784700959754
0.1,8,2,0.17682338380829757,0.6130887096774192,0.10953449280774082,1.08375292319832
0.1,8,2,0.2806631482551419,0.6686048387096774,0.09995617946772649,1.0319801025989668
0.1,8,2,0.16083373238529225,0.44419354838709685,0.11012013585260688,1.0039482394972645
0.1,8,2,0.3755020045592771,0.838766129032258,0.05642669021346035,1.0769455974423634
0.1,9,1,0.16091480868979352,0.35160573476702506,0.10363008373601423,1.2467231343466543
0.1,9,1,0.20783218932528186,0.47701792114695335,0.089227521555687,1.2579267263259795
0.1,9,1,0.21652597471740975,0.6541863799283153,0.06622752168595264,1.484134080726511
0.1,9,1,0.11923751224049789,0.4010322580645161,0.0777021285075134,1.3093605286984824
0.1,9,1,0.10881737645103629,0.5709820788530465,0.09993298417549193,1.4362281891985744
0.1,9,1,0.15591627983576978,0.4134480286738351,0.08549469969097324,1.25635534610089
0.1,9,1,0.19761222793555358,0.6274551971326164,0.08253808259445768,1.503197306970245
0.1,9,1,0.1659691237875267,0.5522795698924731,0.11931575308938178,1.47659466527777
0.1,9,1,0.1839278131449943,0.7043010752688171,0.05758413130376704,1.4794829197474815
0.1,9,1,0.23280882436413772,0.7518566308243727,0.08178933795750086,1.600370632537509
0.2,1,9,0.21610104806196773,0.008258064516129033,2.3901641538949208,0.5179313475038807
0.2,1,9,0.37793922592302354,0.002451612903225806,3.3765333706378287,0.4324045533574942
0.2,1,9,0.3328545571009747,0.04683870967741934,2.9203282066882776,0.4397376373485637
0.2,1,9,0.3443568011876462,0.03870967741935483,3.1730665354318224,0.45114213523499413
0.2,1,9,0.3375045906370822,0.022774193548387098,2.9676360445788887,0.46059642381008975
0.2,1,9,0.3295866100053567,0.035225806451612905,2.9043937331963496,0.46861897032757993
0.2,1,9,0.3296889453138277,0.011483870967741934,3.0055166891719973,0.45514907531178855
0.2,1,9,0.29365364043972003,0.01851612903225806,2.7760760126950257,0.4860218066449703
0.2,1,9,0.3477959868817219,0.0009677419354838709,3.2065530895718273,0.44287660322663636
0.2,1,9,0.3909197244001303,0.1290322580645161,3.002308454433003,0.4831906750907894
0.2,2,8,0.42575634964647757,0.7312258064516131,0.4278997662608806,0.6237595113827062
0.2,2,8,0.33851354880065093,0.5423225806451613,0.712700853264642,0.6468839948506764
0.2,2,8,0.42753023640598714,0.7578709677419356,0.38393334691489717,0.6311458217784827
0.2,2,8,0.38893090316592255,0.5587096774193548,0.7760957281000669,0.6221241954659327
0.2,2,8,0.41871306981521866,0.6094516129032258,0.5849729931500158,0.5876442451705619
0.2,2,8,0.403888216307027,0.585741935483871,0.6874010372280679,0.6037960378710409
0.2,2,8,0.4927769129059617,0.7585806451612902,0.45947273444211,0.6021541868852005
0.2,2,8,0.4093926014027909,0.6764516129032259,0.5346752117015113,0.6267785452109216
0.2,2,8,0.41482782061596934,0.6956451612903227,0.49570605129419965,0.6343055858002051
0.2,2,8,0.5164198518197887,0.7449354838709676,0.4536189393081861,0.5505953162775292
0.2,3,7,0.3554617895944923,0.8341505376344087,0.1785406197407249,0.6996920542601694
0.2,3,7,0.38416926521786376,0.8216344086021506,0.08387153985085155,0.6697491273317531
0.2,3,7,0.3737585420317495,0.8386666666666668,0.1590981095936138,0.6851287554787973
0.2,3,7,0.3752045070073202,0.764494623655914,0.2491398733344766,0.6751067329413319
0.2,3,7,0.3872014725721655,0.7966451612903227,0.21254659807621828,0.6565177013240912
0.2,3,7,0.3278525528511,0.7137204301075271,0.30404305692208516,0.7000006772894369
0.2,3,7,0.36208565871638354,0.7390752688172043,0.298840166348552,0.6688802656185294
0.2,3,7,0.354657431744145,0.6332688172043012,0.3439892954423569,0.6577076953843807
0.2,3,7,0.35493984120112504,0.7802150537634409,0.22345059828761432,0.6673511890832978
0.2,3,7,0.40998862582666945,0.8130322580645161,0.1942567247089049,0.6370384799939381
0.2,4,6,0.32571946235644883,0.7289032258064515,0.15934865026180892,0.6996734690361464
0.2,4,6,0.34781529387700894,0.8361612903225806,0.12801903645421392,0.7170213112883789
0.2,4,6,0.2963854799755643,0.8081935483870968,0.13463577037461547,0.7275212120460571
0.2,4,6,0.3213094237824239,0.7860161290322579,0.14384288641370208,0.7157751284673389
0.2,4,6,0.39760856175146136,0.8209193548387095,0.14373206647141712,0.6813866249160786
0.2,4,6,0.33959032233649655,0.8356451612903225,0.09807891688574656,0.6685678444050497
0.2,4,6,0.3219508074793596,0.8208870967741935,0.11908886864105869,0.7561808766743146
0.2,4,6,0.324332711812923,0.7691935483870969,0.07587089801679069,0.727690943448667
0.2,4,6,0.30841894281557064,0.7029516129032256,0.16699418719236986,0.72562036813991
0.2,4,6,0.313700394023224,0.7010322580645161,0.23437366623718872,0.7257177500356832
0.2,5,5,0.32944952541564726,0.8372645161290324,0.07832511923150093,0.7712499315858696
0.2,5,5,0.3189612288453268,0.7471225806451615,0.18183356656969826,0.7360560117531948
0.2,5,5,0.35671753230845205,0.8290709677419354,0.13938228864462004,0.7414307085623043
0.2,5,5,0.292141562083013,0.7983870967741936,0.11166092667281698,0.7925329378380798
0.2,5,5,0.3678723055297171,0.7725806451612902,0.12643873329169622,0.6879448982658958
0.2,5,5,0.29368953409348264,0.879767741935484,0.06222493634750557,0.7732799006926937
0.2,5,5,0.3586470195473145,0.7822967741935484,0.15505458500476568,0.7303845345078938
0.2,5,5,0.3390381383244185,0.6318709677419354,0.1843876507015999,0.6867684245486343
0.2,5,5,0.3383537655840042,0.733741935483871,0.18934366135237038,0.7305907912474788
0.2,5,5,0.2988423273513691,0.6835870967741935,0.18382303226754207,0.7502218961059757
0.2,6,4,0.37218252725222634,0.8218924731182795,0.06980096715342325,0.7603364327523335
0.2,6,4,0.3129031438647038,0.8294086021505377,0.062140388858709185,0.8064344370837909
0.2,6,4,0.3628100204714553,0.8546559139784947,0.04613482288320421,0.8354075008209403
0.2,6,4,0.32228149264112266,0.750494623655914,0.10355892998694591,0.7923114676768338
0.2,6,4,0.34037824264755284,0.7941397849462365,0.08705983947246722,0.8072747225641815
0.2,6,4,0.29626757913596463,0.6774086021505376,0.11404006823442674,0.8077734132662477
0.2,6,4,0.32238609608475044,0.7556989247311828,0.14886780777358832,0.8203658692546394
0.2,6,4,0.36185849974072287,0.7581612903225807,0.17997579640436992,0.8010176712042472
0.2,6,4,0.2555573088045805,0.6381397849462366,0.1325506281011366,0.8193438127102338
0.2,6,4,0.2902098861923364,0.8127204301075269,0.05059226690752511,0.800429066417709
0.2,7,3,0.2694693384349824,0.6708479262672811,0.09093805746231487,0.9180955174347898
0.2,7,3,0.3008303974825858,0.7578248847926268,0.11496442112918885,0.9169918512821649
0.2,7,3,0.19926136125196375,0.7354654377880183,0.06499488733862804,0.985518231858595
0.2,7,3,0.26445535702294964,0.6810599078341014,0.1288946046178768,0.872459826849633
0.2,7,3,0.31428443937856493,0.8133087557603687,0.0728541872275205,0.9409093325830638
0.2,7,3,0.31487115048771147,0.7978341013824883,0.08328092310470567,0.8740978830552579
0.2,7,3,0.20618794561578738,0.5730783410138248,0.08836274886883783,0.9340749105185503
0.2,7,3,0.3179826186625759,0.8171981566820277,0.12838619539425628,0.8971086237754744
0.2,7,3,0.4378027756478934,0.8573640552995393,0.04698202987768577,0.7995611341703682
0.2,7,3,0.23614332024773488,0.7255944700460829,0.08155373637650015,0.9558417493829467
0.2,8,2,0.13967542311562522,0.5098306451612903,0.11813681550939283,1.0452048218337442
0.2,8,2,0.31340657304264435,0.7405403225806453,0.07221978677013356,1.0010615537813343
0.2,8,2,0.24632193132507074,0.6634032258064516,0.1039894361482984,1.042931984889385
0.2,8,2,0.2728028153220253,0.5868951612903226,0.1304315853640614,1.0272507830667967
0.2,8,2,0.2991370613846002,0.7771370967741936,0.029139918827427485,1.0800427242850104
0.2,8,2,0.2974024093446421,0.7712822580645162,0.07716885346392185,1.09134386239497
0.2,8,2,0.3353480124947295,0.7554354838709678,0.09518143401336053,0.9880464219981306
0.2,8,2,0.3580707632189348,0.7460887096774194,0.10253892281319489,1.033734390008386
0.2,8,2,0.18850646150918493,0.477,0.12588135187836486,1.0505277158910322
0.2,8,2,0.26383511200690213,0.6849354838709678,0.10757636427331198,1.101175969542905
0.2,9,1,0.11482957800864427,0.652731182795699,0.09678362342487282,1.5219526034549127
0.2,9,1,0.08927881544440804,0.5585232974910395,0.10450110291053367,1.4455648628618725
0.2,9,1,0.19109840732779368,0.7038781362007169,0.10125218717404112,1.4764504805579186
0.2,9,1,0.24992709224835818,0.6253691756272401,0.10635814181841612,1.4108522328041049
0.2,9,1,0.17621278729433215,0.5380860215053764,0.10699725278966324,1.3128960641969654
0.2,9,1,0.16485813385542622,0.5568673835125448,0.0946761318016918,1.37113590314772
0.2,9,1,0.08153963715823388,0.4331039426523297,0.1098354338051985,1.3828934602128238
0.2,9,1,0.1387375457132832,0.41162007168458775,0.07293409940510674,1.2949534612570237
0.2,9,1,0.16326240763937194,0.4226881720430107,0.08203706738422671,1.2197618084561945
0.2,9,1,0.23250363874546454,0.62368458781362,0.06415883645704935,1.4356753300201113
0.3,1,9,0.4537737389028617,0.006322580645161289,3.5721597833489267,0.3273626180145345
0.3,1,9,0.42570628727517823,0.03509677419354838,3.04910539188836,0.3327444471429536
0.3,1,9,0.4675667642358034,0.032258064516129024,3.4231569523357273,0.29691353160724565
0.3,1,9,0.50075872993957,0.044193548387096764,3.3231962642301207,0.30233623479643973
0.3,1,9,0.38542647890701914,0.07219354838709674,2.776005953721101,0.3643949857874811
0.3,1,9,0.4335074412693899,0.004064516129032258,3.1878992460031004,0.32634151448843846
0.3,1,9,0.31288397772902254,0.038516129032258054,2.49538529278144,0.37628164151765
0.3,1,9,0.36817572455178665,0.018322580645161287,2.882383976429187,0.37993563373607936
0.3,1,9,0.5147215192993172,0.03541935483870968,3.6122186292506946,0.30259138012528414
0.3,1,9,0.5320477949829112,0.07032258064516128,3.4759531420644842,0.29130863073716406
0.3,2,8,0.4269204522041682,0.5175806451612902,0.8613482809317691,0.5393712446742766
0.3,2,8,0.47564831754254644,0.5014516129032258,0.8786105236261051,0.5199288299939242
0.3,2,8,0.37514213646421446,0.5126451612903226,0.8834923158987142,0.5598546032467141
0.3,2,8,0.44692541470240393,0.4288387096774193,0.6927589112244721,0.48533448252998623
0.3,2,8,0.465640944956271,0.5884516129032257,0.6605109939998551,0.5212459569237778
0.3,2,8,0.5027517655724892,0.7921290322580646,0.2783688651353573,0.4967907893329242
0.3,2,8,0.4652971232504622,0.610741935483871,0.6280526971876995,0.5341516606190236
0.3,2,8,0.5085025793554866,0.593290322580645,0.8206057383998367,0.5002586772374134
0.3,2,8,0.5125619933126434,0.47051612903225803,0.9455094655089278,0.4810508837142105
0.3,2,8,0.3991050869138944,0.562741935483871,0.49478304372186716,0.5310127102550153
0.3,3,7,0.41159815931214266,0.6611612903225808,0.41964912574332525,0.5658735323090145
0.3,3,7,0.4463142138288754,0.7256559139784947,0.2719517310316686,0.558249224190557
0.3,3,7,0.46761578990990665,0.7344516129032257,0.28965396986993125,0.5645439168582537
0.3,3,7,0.44886793964353683,0.7533763440860215,0.32592477406196363,0.575679253713306
0.3,3,7,0.4806414287481889,0.7628387096774194,0.2652070310115039,0.5583463481921173
0.3,3,7,0.3678964054283061,0.7457634408602152,0.3400131070115292,0.6135145812358302
0.3,3,7,0.45270464253768555,0.784,0.09953762675957302,0.5812506987337813
0.3,3,7,0.47396542549373727,0.7230752688172042,0.4073619663063634,0.5804803067149967
0.3,3,7,0.4984595724294702,0.7363870967741936,0.2266670614824969,0.5287271484994956
0.3,3,7,0.3920945578305264,0.797010752688172,0.18528719868915158,0.5908688146388051
0.3,4,6,0.3781213836841761,0.6718225806451612,0.19179432086185438,0.617206942485989
0.3,4,6,0.4576903037061719,0.7454193548387097,0.23711726808760725,0.5758857042456424
0.3,4,6,0.4396117285265196,0.8368064516129035,0.1253936735681577,0.605483145201937
0.3,4,6,0.3548090265999424,0.6954032258064516,0.26831086897618867,0.630461092861286
0.3,4,6,0.4553094941406438,0.8147903225806451,0.15948832890076575,0.6055280934111772
0.3,4,6,0.31736327603304876,0.6390967741935483,0.2135013864140344,0.6097081627758698
0.3,4,6,0.38658596109652577,0.7865806451612902,0.22085077441593243,0.6558819867483913
0.3,4,6,0.32001245771766523,0.7025967741935485,0.18394479929072113,0.6599179689479369
0.3,4,6,0.38718607081721573,0.6478548387096773,0.24477773971245637,0.6078788792358344
0.3,4,6,0.4150190527750343,0.6896774193548386,0.2827837716597852,0.6048835884911378
0.3,5,5,0.33935155756545393,0.7324258064516128,0.17224956742759645,0.7145946187571927
0.3,5,5,0.37012956710988637,0.793574193548387,0.129881379496687,0.6953008169149104
0.3,5,5,0.36910139873186226,0.8446709677419355,0.10616856028182159,0.6965288235190139
0.3,5,5,0.37024474157084986,0.7705935483870967,0.16624202389456702,0.6837847070376684
0.3,5,5,0.46963429588870187,0.762,0.12480563101867978,0.6133927862863287
0.3,5,5,0.38088138829497215,0.8389419354838709,0.05027494446143433,0.6771585069510481
0.3,5,5,0.42117472606677503,0.8517419354838711,0.09725557351054816,0.6657087923309684
0.3,5,5,0.33715977787059115,0.7156774193548388,0.1659000659725931,0.6950567313490018
0.3,5,5,0.4245010991741327,0.7596516129032258,0.2088556677008815,0.64274269772928
0.3,5,5,0.3912811168173034,0.8029935483870968,0.08531546252197093,0.6933280016062342
0.3,6,4,0.3900515567955429,0.8203010752688171,0.024758331952489762,0.7112525310755707
0.3,6,4,0.32459005420815246,0.7164623655913979,0.047370085895271655,0.7787354508103159
0.3,6,4,0.34606945270953404,0.8291182795698924,0.10311806291851351,0.7713929432478499
0.3,6,4,0.38459964601681257,0.7647419354838709,0.0521504369762593,0.6838216026184811
0.3,6,4,0.40751930983937557,0.8072903225806451,0.07348175730049913,0.6898445533197752
0.3,6,4,0.41116890984200993,0.7942688172043011,0.11699224116249246,0.7099112433021402
0.3,6,4,0.30195509526435615,0.7832150537634409,0.08365992698220012,0.8072620912393852
0.3,6,4,0.2634306728661708,0.6942043010752689,0.14661018163270903,0.8208026866225642
0.3,6,4,0.30085350823531243,0.7286774193548388,0.14302459304475082,0.7784493693296513
0.3,6,4,0.295754548683509,0.7508494623655914,0.09252359504803243,0.7794863177305164
0.3,7,3,0.2782037211345279,0.5858986175115207,0.04383335919734332,0.8658060356863894
0.3,7,3,0.3108048121096673,0.6901658986175115,0.10375793153693717,0.8575614907707261
0.3,7,3,0.3553804796558176,0.7353179723502306,0.06785266895597082,0.8111183745047499
0.3,7,3,0.3610102487028447,0.8373179723502304,0.043468122084141726,0.8660525980468047
0.3,7,3,0.2944139007234295,0.7235299539170508,0.06547288372912456,0.8936697496350496
0.3,7,3,0.40848300215487304,0.7937050691244242,0.13898652251236732,0.8018943733777416
0.3,7,3,0.40038113887249405,0.7001566820276498,0.14652116313553018,0.7836562823149211
0.3,7,3,0.27075626914841644,0.8322672811059908,0.04852612796383593,0.9208136673075967
0.3,7,3,0.4359278924932895,0.7527649769585255,0.053895270784624215,0.7781288869100681
0.3,7,3,0.26434462343920817,0.7697788018433179,0.09601070709043379,0.9098907768264008
0.3,8,2,0.3865008387063198,0.7969032258064516,0.051966819260103284,1.0114632192535995
0.3,8,2,0.2578239400476789,0.6615483870967741,0.08524364418876888,1.066075237747245
0.3,8,2,0.14440997853877416,0.6087741935483872,0.07909316406845326,1.084427471842883
0.3,8,2,0.2739835767183143,0.6866612903225807,0.08700653151774716,1.0517217006678365
0.3,8,2,0.2776747995078015,0.6537903225806452,0.03699253252051422,1.0240602203670874
0.3,8,2,0.34739184257458156,0.7485887096774193,0.11848416362412197,1.0688984482724708
0.3,8,2,0.25003887277451303,0.7165403225806452,0.09603415811520959,1.04875947319217
0.3,8,2,0.1636962732042178,0.6040322580645161,0.08521081358339624,1.1589682440815527
0.3,8,2,0.3467533360573136,0.790483870967742,0.09726377126322902,1.0365661098322498
0.3,8,2,0.2700399469340394,0.6141612903225807,0.06398382816274252,0.9531661114455344
0.3,9,1,0.08951396028462409,0.5856272401433691,0.0926206915522034,1.4076126196026015
0.3,9,1,0.09443741777761329,0.7810035842293908,0.07825876754660126,1.6989720618327893
0.3,9,1,0.18075463054374089,0.5614982078853046,0.08223592361881732,1.431695277415789
0.3,9,1,0.16973910997883207,0.5799641577060931,0.08760431207236188,1.472740263130994
0.3,9,1,0.3024465944491034,0.6897777777777778,0.040219755255390996,1.4642437214536472
0.3,9,1,0.2650835242178417,0.6254838709677419,0.08883315438335956,1.3890527842346623
0.3,9,1,0.1064390653057294,0.5553763440860214,0.09442322417559905,1.453086197035903
0.3,9,1,0.09099377719801245,0.4531541218637992,0.07402631599578176,1.3355062437424214
0.3,9,1,0.08016200257733408,0.4858136200716845,0.09527255943715479,1.3967928430246344
0.3,9,1,0.15335594853020157,0.5643512544802867,0.1009627185938373,1.436815934141418
0.4,1,9,0.5359584138318549,0.03909677419354837,3.346119953491726,0.2594990214216759
0.4,1,9,0.596924886770466,0.06554838709677417,3.268907920870119,0.21420093750252772
0.4,1,9,0.5289989752830656,0.004193548387096774,3.3999407042250462,0.23087982943402025
0.4,1,9,0.5611456224814353,0.0633548387096774,3.1875289861357463,0.24498958035262325
0.4,1,9,0.5937646625543751,0.033032258064516117,3.3323184204613088,0.20666668336640295
0.4,1,9,0.5609096202552744,0.015612903225806453,3.475609084944774,0.2327348664561851
0.4,1,9,0.487777718634414,0.02464516129032258,3.126952699809178,0.28012158602275566
0.4,1,9,0.5373436683321823,0.0003870967741935484,3.4747801488140997,0.2339939017937935
0.4,1,9,0.5433393395960694,0.05948387096774192,3.1559618412014543,0.2467839320493871
0.4,1,9,0.552241345056374,0.07999999999999997,3.107779525675149,0.2369770126755937
0.4,2,8,0.5396725901914649,0.5800645161290322,0.759031534849423,0.4455083328993817
0.4,2,8,0.580045129619676,0.5673225806451613,0.79842350547806,0.4256785506717803
0.4,2,8,0.47496680057810875,0.38258064516129026,0.8848291440891919,0.41835274477264767
0.4,2,8,0.4604044685784593,0.46341935483870966,0.6609902036089987,0.43726868140995556
0.4,2,8,0.5542566382716914,0.4798709677419355,0.7985654749964274,0.40380425457293806
0.4,2,8,0.5108584495013412,0.5147419354838709,0.8759512257632893,0.4470166084497298
0.4,2,8,0.5853735357805353,0.6319032258064516,0.641386607033646,0.3987323280499026
0.4,2,8,0.6359357824061792,0.7037741935483871,0.4992486892367291,0.3858664475178786
0.4,2,8,0.48306233962926687,0.5309677419354838,0.8168015186011296,0.44483381876148187
0.4,2,8,0.5568613400731076,0.5959354838709677,0.7097766729553484,0.42638464025925554
0.4,3,7,0.4639283287454506,0.724989247311828,0.35951689833207234,0.5182788154947029
0.4,3,7,0.4703109992948395,0.7278494623655913,0.2775983472511934,0.5177521180983401
0.4,3,7,0.5000171575430833,0.7281290322580646,0.32686040865066557,0.5064879137875398
0.4,3,7,0.5472881058934472,0.665247311827957,0.4453226452046013,0.46328747462947856
0.4,3,7,0.54171755949791,0.7301935483870967,0.2989016113385255,0.4879143295606967
0.4,3,7,0.5764824014061617,0.705010752688172,0.3967955786843634,0.4522946894429006
0.4,3,7,0.3749329568777137,0.47438709677419344,0.36596558117899086,0.5148193992616074
0.4,3,7,0.4858160531354647,0.6831612903225808,0.1934094375230471,0.5007114940046176
0.4,3,7,0.5706481269916946,0.7568387096774195,0.28548793594172756,0.47272582298106125
0.4,3,7,0.525834123982641,0.8371827956989248,0.13332427909602285,0.4900614360535865
0.4,4,6,0.4983706542945975,0.9053709677419357,0.06086041809763077,0.5754172802480039
0.4,4,6,0.4483119853435026,0.7818387096774195,0.18404689436327473,0.5804173583667955
0.4,4,6,0.43760284599033683,0.6883870967741936,0.25521572549005866,0.5715168697052271
0.4,4,6,0.4686580149614141,0.6979354838709678,0.2194494856873022,0.5626243765078315
0.4,4,6,0.4305738299056509,0.6888387096774192,0.11257278746085717,0.5456207373407106
0.4,4,6,0.49170038498221447,0.7849838709677419,0.12292727567013471,0.5467050387674656
0.4,4,6,0.38817371422756264,0.794241935483871,0.21577880660930235,0.6214766329644111
0.4,4,6,0.46459993679712047,0.7797096774193549,0.21166633692237252,0.5766611841567121
0.4,4,6,0.4967152737585659,0.7948225806451612,0.10998854639047526,0.5481272796831886
0.4,4,6,0.5087817515125419,0.812725806451613,0.10808197434700767,0.5290682048921007
0.4,5,5,0.45348952652809954,0.8248129032258066,0.09705319318275846,0.6243042416961045
0.4,5,5,0.38981701395777757,0.6927870967741935,0.20099689278329566,0.600259406973685
0.4,5,5,0.4305861635810339,0.8026193548387096,0.1475871380523481,0.6045489861333695
0.4,5,5,0.518774323907158,0.7793161290322581,0.1568413174638877,0.5728417052351972
0.4,5,5,0.4476936496715739,0.7414580645161291,0.13117730972776942,0.5702166556820492
0.4,5,5,0.42774890446676045,0.7090064516129032,0.19798289549935708,0.6171190369736628
0.4,5,5,0.3799028661833556,0.7512903225806451,0.2131119221243488,0.6577263833785768
0.4,5,5,0.41086328201395567,0.8986193548387097,0.06968210718346014,0.639333734269924
0.4,5,5,0.4923482176913009,0.8672258064516131,0.07567897628634702,0.591227391153162
0.4,5,5,0.44182812344279776,0.7912516129032258,0.1178414544019041,0.6171893895211987
0.4,6,4,0.4275628046719595,0.8536559139784947,0.0660963582382456,0.6983523972862129
0.4,6,4,0.432005134206831,0.8014301075268818,0.13359330937628258,0.6950769302747357
0.4,6,4,0.4169191388097462,0.7680752688172044,0.13606703553771587,0.670697749883346
0.4,6,4,0.4341707093662312,0.8463225806451612,0.13164926168647645,0.6912864484539843
0.4,6,4,0.38340044864514256,0.7568279569892474,0.14449773941220245,0.6835428604481658
0.4,6,4,0.44039952123698956,0.8205698924731182,0.06343327989817793,0.6583682854283646
0.4,6,4,0.4732120208086145,0.7400645161290322,0.10646758713714904,0.606353571412436
0.4,6,4,0.38348962370468914,0.8105268817204301,0.10112955757550061,0.7098361601579479
0.4,6,4,0.4813447778403706,0.8461827956989247,0.05053995488081582,0.6624814163492068
0.4,6,4,0.3757651633497087,0.7162258064516129,0.09158682692280352,0.6894482364952539
0.4,7,3,0.3740389948360372,0.7888387096774194,0.06152160435866492,0.7699257263925635
0.4,7,3,0.37196358486943926,0.7392811059907833,0.12666052110107154,0.7966847854207327
0.4,7,3,0.28705278274958124,0.6659815668202764,0.09129363807169595,0.846416183628493
0.4,7,3,0.31413438017798934,0.6721198156682027,0.09908400795327958,0.7689315862855517
0.4,7,3,0.3105812853725603,0.7448755760368663,0.09167802923599189,0.8476174151650508
0.4,7,3,0.44506248386917546,0.7908847926267281,0.04037796064311392,0.7411475890457592
0.4,7,3,0.4480619848353376,0.7332073732718893,0.02519751616164122,0.7210757442952811
0.4,7,3,0.4568539057136992,0.8093456221198158,0.046596153079544664,0.7218139576500341
0.4,7,3,0.3484795088217216,0.661483870967742,0.12749481748807165,0.7621852581679375
0.4,7,3,0.32245000008949865,0.734442396313364,0.10981260322811925,0.8608391800015115
0.4,8,2,0.4640346543424671,0.7580806451612903,0.12943831819842067,0.9035605202264283
0.4,8,2,0.31045365327039703,0.5788709677419355,0.10578792379135914,0.9590939142732157
0.4,8,2,0.1795147756587062,0.6596854838709678,0.07399131589606893,1.0966092113346286
0.4,8,2,0.33158988003145146,0.5526935483870967,0.09595892274031137,0.9060593030717703
0.4,8,2,0.29350454015508115,0.5801290322580647,0.08990980483470627,0.9103774842804594
0.4,8,2,0.23175149652361177,0.725241935483871,0.10149804567498649,1.0608043408412697
0.4,8,2,0.304549801492027,0.6684193548387096,0.07443492955475929,0.9994950180886355
0.4,8,2,0.31045270183382173,0.6620564516129032,0.10998520589441466,0.9874137805012619
0.4,8,2,0.36196207248674567,0.6768387096774194,0.0884781436763054,0.9097022709288922
0.4,8,2,0.20883492602133957,0.54875,0.11884503563245308,1.000341919278366
0.4,9,1,0.2097675964225489,0.7524444444444445,0.08922932764774955,1.6239700444702663
0.4,9,1,0.1455932559599398,0.5289605734767026,0.08802776216764271,1.359362876592647
0.4,9,1,0.20057373499651882,0.5619068100358422,0.08480741839830909,1.3131105707641382
0.4,9,1,0.20715290199079583,0.5532544802867383,0.07487920787346912,1.2457355955423473
0.4,9,1,0.11255254324151122,0.5097419354838709,0.09803986984046392,1.439711151756671
0.4,9,1,0.10402191742399672,0.4631971326164874,0.09667270097260973,1.398955243432335
0.4,9,1,0.10976617851337837,0.6520430107526882,0.09432889932649163,1.6200936378920954
0.4,9,1,0.31752553449305015,0.593562724014337,0.09170612740221601,1.2301670650331775
0.4,9,1,0.3430872575460696,0.6806093189964157,0.09910243833559443,1.3440980681561099
0.4,9,1,0.18376219221798287,0.5508028673835126,0.09950982909359625,1.4499085329555739
0.5,1,9,0.5290080041675843,0.07077419354838707,2.919560967123747,0.22628529863610236
0.5,1,9,0.5228134142070983,0.002064516129032258,2.8650949731856046,0.21263532125056775
0.5,1,9,0.6865743743765068,0.030903225806451603,3.495895326265021,0.1403546470532246
0.5,1,9,0.6115115259323664,0.01096774193548387,3.3079904601301,0.18007526908308136
0.5,1,9,0.7114026932257848,0.0656774193548387,3.3962963873546737,0.1530712415764487
0.5,1,9,0.5545639096172142,0.007741935483870966,3.1512919724197115,0.20802953831923152
0.5,1,9,0.5822655024300318,0.03161290322580644,3.2160568617597702,0.2034329897136004
0.5,1,9,0.5038126388451643,0.01793548387096774,3.0190214491623517,0.23813922108007465
0.5,1,9,0.5470448596719969,0.04051612903225805,2.866822076420508,0.2061240930400811
0.5,1,9,0.5646877431935389,0.03219354838709677,3.0349055714534834,0.1850584093742295
0.5,2,8,0.6085939840980656,0.394516129032258,0.7274916730831085,0.2896101663766782
0.5,2,8,0.530258673606982,0.44070967741935485,0.6694476085911104,0.3596826192140348
0.5,2,8,0.6371135210074462,0.5086451612903226,0.9200685828216985,0.35167413510197776
0.5,2,8,0.6185690676519516,0.6773548387096774,0.506918338178116,0.35452127578677445
0.5,2,8,0.6386291552247971,0.6004838709677419,0.5517613287110568,0.33278113195913733
0.5,2,8,0.6872535379236872,0.6247741935483871,0.5885846460812083,0.30921761803126696
0.5,2,8,0.5534244482810656,0.5600322580645161,0.7292010720863632,0.38340819685145516
0.5,2,8,0.5964657152347131,0.5366129032258063,0.7118394227914446,0.33304514459688417
0.5,2,8,0.5726863700198996,0.5752903225806452,0.7203715573778954,0.3652400310827297
0.5,2,8,0.5899051265864489,0.47874193548387095,0.7935611633176783,0.3440067176729607
0.5,3,7,0.5641850781050511,0.6901075268817205,0.4145804233157598,0.4212262640620303
0.5,3,7,0.6314310761401525,0.702967741935484,0.3209821738417359,0.3978041806889214
0.5,3,7,0.5889743218636152,0.6527956989247313,0.3561698109389045,0.38592763164161603
0.5,3,7,0.6227428260637684,0.7893118279569892,0.23421062183757166,0.4017881858650637
0.5,3,7,0.5517405871257584,0.5715268817204301,0.41063285834458396,0.37842078802605295
0.5,3,7,0.5634463538774367,0.6271827956989247,0.41543319776048304,0.41433409118961867
0.5,3,7,0.5209027066747476,0.7056774193548386,0.3312077196469555,0.46128192746011815
0.5,3,7,0.5606413072655988,0.6828387096774194,0.32589451877945746,0.4356939724328982
0.5,3,7,0.5730325294742626,0.709268817204301,0.3610725908567608,0.40693673967504623
0.5,3,7,0.5890916808916064,0.7303440860215055,0.3279368364762412,0.4047035385101883
0.5,4,6,0.4705524132131595,0.8551612903225807,0.10184512553515739,0.5249924055910511
0.5,4,6,0.5806490354939049,0.7212580645161292,0.282335196592941,0.4361717017660546
0.5,4,6,0.5392411766171783,0.8709354838709678,0.1312574479990366,0.4781390796717625
0.5,4,6,0.5690241919493758,0.864774193548387,0.15455824264276505,0.4822915093085138
0.5,4,6,0.6239648967277359,0.7233387096774195,0.2780000715010439,0.43815332440796545
0.5,4,6,0.5469122229542647,0.845516129032258,0.11302080283814575,0.5007576936147593
0.5,4,6,0.6021317483719123,0.7400322580645161,0.2680617240638937,0.4215008871393179
0.5,4,6,0.5593684608108537,0.7563225806451613,0.22004666883360643,0.4780548912489048
0.5,4,6,0.5361362802586894,0.792032258064516,0.13280136393540254,0.4910340934998525
0.5,4,6,0.580579765209886,0.7714354838709677,0.23027281749193348,0.47191584644544526
0.5,5,5,0.4399486497849366,0.8158322580645162,0.16187007798947006,0.5981534861813733
0.5,5,5,0.46530670281401254,0.7410064516129032,0.2018667658613003,0.5585211755761378
0.5,5,5,0.5560573528804175,0.8886193548387096,0.06386954823928409,0.5322680629966375
0.5,5,5,0.4982761784055773,0.799483870967742,0.17218982856178752,0.5352619429834742
0.5,5,5,0.4272545550291449,0.6099999999999999,0.1716934190158986,0.5359713014336818
0.5,5,5,0.4804955318216927,0.8686193548387096,0.09346334606873702,0.5383918119456829
0.5,5,5,0.4283453012919379,0.5811096774193547,0.209294056075312,0.5713722697306978
0.5,5,5,0.48160990618221877,0.8690451612903225,0.09311809412245872,0.563736617241816
0.5,5,5,0.519921201788846,0.8556516129032259,0.09253450914151402,0.528697929694113
0.5,5,5,0.6138233960822754,0.8131741935483872,0.1083171214986709,0.4727627425297969
0.5,6,4,0.5224758864388623,0.8540967741935486,0.0657036680632588,0.5822205305671573
0.5,6,4,0.41345010298867785,0.7042903225806453,0.06831153648974447,0.6224959684195044
0.5,6,4,0.5426940034693002,0.6816129032258065,0.12948878743707815,0.5554474177196009
0.5,6,4,0.39124863432485013,0.8822903225806452,0.0808535764795154,0.7118193401804197
0.5,6,4,0.43204006820589147,0.7478494623655915,0.11766116921240866,0.6384986193842694
0.5,6,4,0.41363883520828515,0.7476559139784946,0.13461597036202633,0.6500030704254064
0.5,6,4,0.5159162335591975,0.8783548387096776,0.052980133293778965,0.6230558726460632
0.5,6,4,0.4496204817528994,0.827505376344086,0.06772851761653206,0.63447989253367
0.5,6,4,0.4615484022694522,0.8148709677419353,0.13035692582471461,0.6511840615654674
0.5,6,4,0.527560598516718,0.8302043010752689,0.1453757180428336,0.6138615985016886
0.5,7,3,0.4284487628018787,0.7009493087557603,0.12025503112328087,0.730284798819913
0.5,7,3,0.3811176125902784,0.7133824884792626,0.07214944457932143,0.718637573893531
0.5,7,3,0.424223974976208,0.5965345622119814,0.07616795867831248,0.6729523165522184
0.5,7,3,0.4568622464197374,0.7480645161290322,0.09816229066103602,0.7191270157830345
0.5,7,3,0.36630607016291766,0.7047096774193549,0.08883352796884764,0.7716895787122724
0.5,7,3,0.3665905005248289,0.577815668202765,0.1270562044942239,0.715289202740209
0.5,7,3,0.36265513135298916,0.7011244239631336,0.0607640901720744,0.7465709930753744
0.5,7,3,0.4509795985011108,0.7825622119815668,0.07495363948248718,0.6969711833240383
0.5,7,3,0.32994237695894607,0.519483870967742,0.12925872861751433,0.7553759182882974
0.5,7,3,0.4176523493229083,0.749373271889401,0.0874848229218659,0.731545313767034
0.5,8,2,0.42591710318194853,0.6786612903225807,0.05403414163758049,0.877552701569778
0.5,8,2,0.35222152081072206,0.8168064516129032,0.06388925028796529,1.0293559357965623
0.5,8,2,0.23513274723420216,0.6981048387096775,0.04829446968216721,1.0515874595709556
0.5,8,2,0.43084197441085825,0.7573870967741936,0.07586262401159269,0.9071313339535827
0.5,8,2,0.311285090162182,0.8335322580645161,0.0844137659526354,1.0577771546139294
0.5,8,2,0.49050313231517306,0.7376532258064515,0.10164300001364218,0.8375229901134386
0.5,8,2,0.3171625394457658,0.6161532258064515,0.08110161985850028,0.8984112981317225
0.5,8,2,0.34606235655508644,0.7105,0.06346150015252305,0.9543870281223856
0.5,8,2,0.3615572981230034,0.7246854838709677,0.0655246442182339,0.9154730345838747
0.5,8,2,0.39933855386052264,0.7287822580645161,0.05458503998440017,0.899672127025047
0.5,9,1,0.10893189251016264,0.484336917562724,0.06375103332574043,1.339539276448961
0.5,9,1,0.26139084344484476,0.6632688172043011,0.06566773354322249,1.36881444090165
0.5,9,1,0.09034164905415529,0.5587670250896057,0.07586355950606231,1.4029619858122262
0.5,9,1,0.13913124780815922,0.6222365591397848,0.08501350627572316,1.504317001431291
0.5,9,1,0.1437945485912441,0.5659928315412186,0.11304954504999275,1.4242350703555176
0.5,9,1,0.2089692938181633,0.4879426523297491,0.0717800763263514,1.3457542265746247
0.5,9,1,0.23782360139779873,0.6718853046594981,0.07386659898721422,1.4253694835905408
0.5,9,1,0.2752562914997276,0.6178494623655914,0.07783184164875899,1.405046941563834
0.5,9,1,0.26488537258154016,0.6524516129032258,0.056066993298296515,1.4385393544544416
0.5,9,1,0.19595497452398197,0.6143225806451613,0.08949082111100082,1.3859081945881015
0.6,1,9,0.6939919389759477,0.10070967741935481,2.9647889415991617,0.15127190573502022
0.6,1,9,0.6605088930984909,0.1295483870967742,2.811624723745841,0.17140119941873178
0.6,1,9,0.6042349978591228,0.035290322580645156,2.8130679434741523,0.16220796148180608
0.6,1,9,0.6832960007749552,0.024064516129032255,3.31033656441189,0.13774579572613238
0.6,1,9,0.6016988490283683,0.01890322580645161,2.9950022209826,0.16710670302706815
0.6,1,9,0.6452464576862594,0.002193548387096774,3.226264881990406,0.1402480254518181
0.6,1,9,0.6609211565164705,0.014064516129032258,3.314265854637779,0.14695163285893226
0.6,1,9,0.6930430065178713,0.09367741935483868,3.0826792660462217,0.16750448914711938
0.6,1,9,0.6678412762463052,0.0,3.215075901613842,0.12484151513807235
0.6,1,9,0.764903163673037,0.020387096774193546,3.3975345732632793,0.10165911525744244
0.6,2,8,0.576962042749971,0.4665806451612903,0.6880473543926421,0.2926591682509657
0.6,2,8,0.724182434174196,0.43064516129032254,0.727808194374358,0.23727022321298186
0.6,2,8,0.6933785700274556,0.5572258064516128,0.6127365455084292,0.2596126806927809
0.6,2,8,0.6536355856401053,0.4464516129032257,0.7724520359738184,0.269018259503206
0.6,2,8,0.6626772690330913,0.6465806451612903,0.5962795215131564,0.32960736745376096
0.6,2,8,0.5666090512050086,0.30132258064516126,0.8141059286403686,0.29936356355092597
0.6,2,8,0.5717906256206484,0.5384193548387097,0.5375550061845809,0.33114104815150774
0.6,2,8,0.6741495899712443,0.5203225806451612,0.7269269989756231,0.27943501722704456
0.6,2,8,0.6680122208326827,0.44864516129032256,0.4309180016632757,0.2594548672357007
0.6,2,8,0.6080631154307211,0.4858064516129033,0.7813964346902896,0.3002573829641179
0.6,3,7,0.6288246563703818,0.7030322580645161,0.27828721819990027,0.3486220633038279
0.6,3,7,0.5161866638529242,0.5854408602150538,0.4660237756771568,0.3828526240227449
0.6,3,7,0.6365752785095539,0.5694623655913978,0.45334199366544387,0.32358035023870846
0.6,3,7,0.5974272238476771,0.6505161290322581,0.4262792706759146,0.3663582666423132
0.6,3,7,0.5427650787397793,0.6727096774193548,0.30078311939250624,0.4052949464938257
0.6,3,7,0.5935933077953313,0.6566021505376344,0.4618912534023848,0.37515175517024396
0.6,3,7,0.6124974930209768,0.6807526881720433,0.3426104649133043,0.346728817137513
0.6,3,7,0.6101895974867468,0.7265591397849461,0.27118965967037084,0.3848236506876688
0.6,3,7,0.6415733875771545,0.6742795698924731,0.4294132559045544,0.35434523307842847
0.6,3,7,0.5458570646201842,0.6692258064516129,0.34808294202647133,0.3689592562773403
0.6,4,6,0.5892679216264225,0.7101612903225806,0.2606545765141159,0.41458467668551313
0.6,4,6,0.6108021331741073,0.6752903225806451,0.25371082262286726,0.3960617918585039
0.6,4,6,0.5924697043060397,0.6885483870967741,0.3371901216101173,0.4092611389889954
0.6,4,6,0.6448951749141627,0.6395322580645161,0.2148046326281448,0.3579641576109396
0.6,4,6,0.5356076749632593,0.7837258064516129,0.12728569851326813,0.4243519663093599
0.6,4,6,0.5923523771749956,0.5899032258064515,0.3066540075950217,0.38783729340351275
0.6,4,6,0.47945996647582545,0.6565483870967741,0.2055789058455164,0.4347658128731106
0.6,4,6,0.5878207213370195,0.5213225806451613,0.22584801397836965,0.36447826866189287
0.6,4,6,0.5602599137560946,0.7172419354838709,0.1840250832138493,0.402229367076785
0.6,4,6,0.5926758038273693,0.6296935483870968,0.2458938154050532,0.41482596177529224
0.6,5,5,0.5931388457187917,0.7314451612903227,0.17150701602814847,0.44724616803113354
0.6,5,5,0.45312356664155423,0.6772258064516129,0.20234956378414765,0.500563216927479
0.6,5,5,0.5312482801140895,0.641832258064516,0.17281789744946707,0.44563194012673696
0.6,5,5,0.4675203900319119,0.7928,0.08046404344740331,0.5182025912976573
0.6,5,5,0.5382532496994853,0.677741935483871,0.22537050924164242,0.45907409799057247
0.6,5,5,0.6389744197144591,0.842825806451613,0.09855251468332753,0.4561699508522654
0.6,5,5,0.6616989881702261,0.8043096774193549,0.15265806499285844,0.45234114217331145
0.6,5,5,0.5369034628139181,0.7931354838709677,0.12746855508496943,0.48654544547414114
0.6,5,5,0.5721271270649736,0.7269935483870967,0.15014345770399404,0.47488111751863243
0.6,5,5,0.5007250345046818,0.765058064516129,0.13045792886307964,0.490864679362218
0.6,6,4,0.5203605095494234,0.6671397849462364,0.13332507924781592,0.5286041717948271
0.6,6,4,0.5442244859946807,0.8294193548387095,0.10664891983717656,0.5486988033172875
0.6,6,4,0.5532384237579058,0.7364408602150536,0.0960641407936456,0.5106973102394043
0.6,6,4,0.4534444616649077,0.8132688172043011,0.11321012858866766,0.6140403771365516
0.6,6,4,0.4933423045375422,0.6703440860215053,0.1298636305656845,0.5589119884791939
0.6,6,4,0.5908289795389688,0.7501612903225807,0.1393093039969121,0.49020964085801416
0.6,6,4,0.5568587656531832,0.7923225806451611,0.13220025677005895,0.5696336834647968
0.6,6,4,0.5437178763637472,0.7740430107526881,0.1283985175912098,0.5393495342632316
0.6,6,4,0.3943078394809046,0.719247311827957,0.04886070473174446,0.6404426753491812
0.6,6,4,0.40841829637490834,0.8621290322580647,0.04812091538073378,0.6733067050664274
0.6,7,3,0.565128784657944,0.8081382488479262,0.08088171553472467,0.6351710706333576
0.6,7,3,0.4197169180424413,0.7967926267281105,0.08365604505853595,0.6969374392192633
0.6,7,3,0.40130854144823763,0.6656221198156683,0.08044905084193657,0.6919215322969811
0.6,7,3,0.36330254334658785,0.6675852534562211,0.08045372732109447,0.6940710325110647
0.6,7,3,0.5114457631322755,0.8250046082949309,0.11333037185960992,0.6508278296250034
0.6,7,3,0.415772769409708,0.7783133640552995,0.11262839132348071,0.7033494881154859
0.6,7,3,0.4631502836052616,0.7298801843317971,0.09826279270565763,0.6816900398748876
0.6,7,3,0.4575919401001411,0.7676958525345623,0.06054343502657696,0.6697454910557076
0.6,7,3,0.4833030011633691,0.6743317972350231,0.12804863534541783,0.6246222726467788
0.6,7,3,0.35437175652651304,0.6116405529953917,0.12211912682188775,0.718951626458985
0.6,8,2,0.4354897808237405,0.6736451612903226,0.09354191921023766,0.8271968418413451
0.6,8,2,0.37327605004665965,0.5952903225806451,0.08456257046681868,0.833927629800488
0.6,8,2,0.3204019801020117,0.43710483870967737,0.1291414054564588,0.7560192966539496
0.6,8,2,0.380561680120129,0.698983870967742,0.09676053832742516,0.8853523415769216
0.6,8,2,0.45837088173255186,0.6650725806451612,0.05030227472767393,0.788159034282091
0.6,8,2,0.40647202024862283,0.6718548387096774,0.08228136731264299,0.8413756342031875
0.6,8,2,0.5263013092376111,0.7498064516129032,0.08845315270450796,0.8158699474336613
0.6,8,2,0.3087967315324749,0.5993629032258063,0.11543575034741338,0.9193672297935772
0.6,8,2,0.3499505432189079,0.6443387096774194,0.09511443998920231,0.904556021567635
0.6,8,2,0.430341698480113,0.707508064516129,0.04789110657253585,0.8399679862056733
0.6,9,1,0.1265701951387204,0.6866881720430107,0.06097184610997971,1.6144468299613235
0.6,9,1,0.25442786389125654,0.6021075268817203,0.070109702225963,1.366621180255183
0.6,9,1,0.11235620094941384,0.5279068100358423,0.10630547841161596,1.3221601993789105
0.6,9,1,0.15032649721919397,0.3907455197132616,0.10057528991734642,1.2910734495092113
0.6,9,1,0.2358598803650426,0.6295985663082437,0.04788134087074503,1.3889499798351188
0.6,9,1,0.11574890342625604,0.6154050179211469,0.09702672557278263,1.5446442966812266
0.6,9,1,0.14829656562862642,0.47834408602150535,0.0975427992239376,1.285251132085897
0.6,9,1,0.10176792730268426,0.2835698924731182,0.11590846010148186,1.1485860093641198
0.6,9,1,0.11928668617069385,0.4719856630824372,0.07607275833422156,1.368081767587988
0.6,9,1,0.1745292450872833,0.44764157706093194,0.09043792669292583,1.2676534549434424
0.7,1,9,0.6653920149988228,0.08593548387096772,2.7450822327247426,0.14465996284118604
0.7,1,9,0.7599463294744809,0.004129032258064516,3.174235777632668,0.08929700178217642
0.7,1,9,0.7399983770527295,0.06361290322580643,2.971800226364748,0.11551758702974681
0.7,1,9,0.6708413450847586,0.10696774193548385,2.5654081325490625,0.15111799795657782
0.7,1,9,0.6862534555741794,0.0036129032258064514,2.9756810020326805,0.10977964045278688
0.7,1,9,0.6865216820600897,0.06651612903225805,2.9030710957234076,0.1348452804061077
0.7,1,9,0.7422954563037009,0.027096774193548383,3.1410434867384938,0.10625539489240635
0.7,1,9,0.7788041972390642,0.06490322580645158,3.0798632559625476,0.09568251222225697
0.7,1,9,0.7212511221190071,0.02154838709677419,2.9574234252142153,0.10807463206519355
0.7,1,9,0.7160813868453538,0.019161290322580644,2.8856185457600305,0.10778781677681515
0.7,2,8,0.6724521640953486,0.48638709677419345,0.6884840582698076,0.23828740848000296
0.7,2,8,0.7193612787136426,0.40348387096774196,0.7099300606904017,0.20643740587473824
0.7,2,8,0.6835366786086852,0.5065806451612903,0.6600293631618408,0.24394831265415423
0.7,2,8,0.6592709377978975,0.5205161290322581,0.6449971096911198,0.2473174543036989
0.7,2,8,0.6447624010214054,0.3269354838709678,0.6456408957821685,0.21721963797148422
0.7,2,8,0.6851515855450644,0.5217096774193549,0.6630202689278751,0.2518822591019604
0.7,2,8,0.6575064867476326,0.3365483870967742,0.6491772968041086,0.21850578286060843
0.7,2,8,0.6449342731261194,0.4353548387096774,0.7502295471181295,0.2560685222555607
0.7,2,8,0.6743116680010341,0.3835483870967742,0.7055807432978372,0.22103563280238228
0.7,2,8,0.6846827455184323,0.4660645161290322,0.7033255344770296,0.2408481239800319
0.7,3,7,0.7224430815924393,0.6681075268817206,0.36437795739420165,0.28091641562759173
0.7,3,7,0.6447865146985807,0.6058924731182797,0.4080693686594529,0.27256335018710903
0.7,3,7,0.6925915523102079,0.5645806451612905,0.3835501732259376,0.25910240838263926
0.7,3,7,0.5311952601042239,0.5211182795698925,0.3952164442756159,0.3440196724852544
0.7,3,7,0.6377247983247866,0.6631397849462366,0.3315309973599101,0.2999514620313677
0.7,3,7,0.6323389258443022,0.5135913978494623,0.4461353022556885,0.26103899041689793
0.7,3,7,0.6803798667509965,0.4843010752688172,0.3535465603009008,0.25939517270592793
0.7,3,7,0.5881849606255349,0.506,0.27459963977017643,0.30520143588818793
0.7,3,7,0.6497348426148478,0.5576344086021505,0.42218190184861626,0.28996878696079037
0.7,3,7,0.6579166871820717,0.5706021505376345,0.3988538565819773,0.2806519899281
0.7,4,6,0.5816116364639374,0.7122419354838709,0.23388296444680542,0.38589694234745103
0.7,4,6,0.6648018216705657,0.7136774193548387,0.22835798110099104,0.35493026893979596
0.7,4,6,0.6134420577799897,0.6444516129032258,0.28691667631055223,0.3415855042043253
0.7,4,6,0.6286105996791582,0.6906451612903226,0.19415113562394554,0.35223943227656784
0.7,4,6,0.695136690258242,0.56,0.20751663827257863,0.31768461386157504
0.7,4,6,0.6226380653703039,0.5313387096774193,0.18887923359615644,0.32788914488152304
0.7,4,6,0.610793633042881,0.6080967741935485,0.2994264467297684,0.3298766119672209
0.7,4,6,0.6839569818177339,0.5936612903225806,0.2918537095031908,0.3032467469010901
0.7,4,6,0.6881181209053187,0.5958709677419354,0.2826501525829411,0.305058535255328
0.7,4,6,0.6666646701699172,0.6463225806451612,0.2730418872290853,0.3325113213765784
0.7,5,5,0.5613058973956434,0.7095483870967741,0.11825742008895271,0.43781878695721355
0.7,5,5,0.5564159303422512,0.6479870967741935,0.1438363659681661,0.41248474712387806
0.7,5,5,0.5821956242837008,0.8109032258064516,0.1492523748056044,0.4454892733314607
0.7,5,5,0.5902125347777322,0.7575096774193548,0.1772487260901545,0.45263446486372483
0.7,5,5,0.5927235118149569,0.6939612903225806,0.14370560126763698,0.42712638522666
0.7,5,5,0.5810797604002779,0.7302580645161291,0.16410866498633608,0.42848679360289066
0.7,5,5,0.6259738279949211,0.826967741935484,0.13968891440090253,0.429386275924516
0.7,5,5,0.5492347570724387,0.6606709677419356,0.10875750038317775,0.42844721308432304
0.7,5,5,0.4916830320521143,0.6704,0.21789155787554051,0.4739170909206348
0.7,5,5,0.7128986199626736,0.7396903225806453,0.2298119615033233,0.36175552625358726
0.7,6,4,0.6089755780425835,0.578741935483871,0.17240283908788837,0.41655219659523546
0.7,6,4,0.44919343227223774,0.611516129032258,0.17998203353692088,0.5369662788326444
0.7,6,4,0.6460506907941977,0.605720430107527,0.10663305510262439,0.4072895222701949
0.7,6,4,0.5473505658808435,0.7723333333333332,0.051456092963339924,0.5063958863484876
0.7,6,4,0.5706292643751725,0.8129569892473119,0.10112619709041161,0.5409529826529963
0.7,6,4,0.6422599528967057,0.7908924731182796,0.06344722769912611,0.46129092581974523
0.7,6,4,0.557069184109161,0.588,0.08754435260454363,0.4732703897010299
0.7,6,4,0.49322498156481276,0.601752688172043,0.14433509629730007,0.48507363503018114
0.7,6,4,0.5415668259068149,0.7595161290322581,0.15940576833576522,0.5541543388508642
0.7,6,4,0.5834699739035527,0.714258064516129,0.1810548493349726,0.49596168186707107
0.7,7,3,0.38925259691307973,0.7092995391705069,0.11854106210677873,0.6598589429942494
0.7,7,3,0.5422979040090383,0.7577511520737326,0.1163134452481492,0.6165494019948246
0.7,7,3,0.5480521405784272,0.7034838709677419,0.09619598515905578,0.5647702163759659
0.7,7,3,0.5028747515931973,0.6190138248847927,0.08331183917557058,0.6011568612800783
0.7,7,3,0.5226720825381826,0.776258064516129,0.13957963864810455,0.6613213054462116
0.7,7,3,0.5311210570953478,0.7418248847926268,0.06865034792230543,0.5938289812264179
0.7,7,3,0.4630845688279084,0.7093179723502304,0.15075941662378536,0.6490335476179919
0.7,7,3,0.5538556580614618,0.613188940092166,0.09688183918714478,0.5595810484498669
0.7,7,3,0.3714023877710396,0.7134193548387097,0.11345209902951146,0.7240067694119725
0.7,7,3,0.5497526554618637,0.7362488479262671,0.09555657978968998,0.5593572478996431
0.7,8,2,0.35948605527735833,0.486991935483871,0.09984602472970501,0.7560566588223924
0.7,8,2,0.31633341811134064,0.6231048387096775,0.0670879021132938,0.8606930064724215
0.7,8,2,0.3010996437539741,0.5056290322580645,0.08102717847605798,0.8239777756746791
0.7,8,2,0.3221986662389829,0.6221290322580645,0.10942708214004088,0.91725753084164
0.7,8,2,0.3292075202546613,0.7775322580645161,0.054600151243097056,0.9212512713077742
0.7,8,2,0.4720360926971027,0.76725,0.07225217695348375,0.833034114031432
0.7,8,2,0.3410308720049222,0.47311290322580646,0.09245338098738824,0.7456174102010443
0.7,8,2,0.35700592848861645,0.5888548387096775,0.10859813465242077,0.8573626230524851
0.7,8,2,0.3931826108396167,0.6371693548387096,0.06062420586973748,0.8177537318999377
0.7,8,2,0.5118131511569176,0.6756935483870968,0.08100117630793309,0.7490533980681285
0.7,9,1,0.19399931573966267,0.5864301075268817,0.06927422666964485,1.3004987788172457
0.7,9,1,0.196894211946877,0.5893835125448029,0.030358845879717374,1.4796299656801555
0.7,9,1,0.08991186340564335,0.5929534050179212,0.10149457995049214,1.585064689170891
0.7,9,1,0.2026523211537342,0.4803225806451612,0.08746669079628054,1.3760924431575936
0.7,9,1,0.24038195156879158,0.4976272401433691,0.03913517895102153,1.2576498150428228
0.7,9,1,0.07828761322316267,0.547899641577061,0.08202407703946167,1.4359605523900367
0.7,9,1,0.09522899789887404,0.44354121863799284,0.10439877032877672,1.405652121788984
0.7,9,1,0.2729087122858016,0.5579569892473119,0.0664428059824085,1.303757266372414
0.7,9,1,0.12101652205140022,0.4731971326164874,0.0652838129694972,1.3817392061978069
0.7,9,1,0.1413705189181207,0.6381863799283153,0.06493713431171999,1.494843346707207
0.8,1,9,0.7136182331727287,0.023935483870967736,2.9180203627428147,0.09924645255877101
0.8,1,9,0.740002461765637,0.02296774193548387,2.8372610792679334,0.08664172640648218
0.8,1,9,0.663656859362575,0.040967741935483866,2.5877584839140346,0.1220384175016351
0.8,1,9,0.6515108824250776,0.003870967741935484,2.699925804328485,0.11183784888241283
0.8,1,9,0.8024910487044062,0.029806451612903215,3.08284350639178,0.0723515917299051
0.8,1,9,0.7281316434953041,0.0445806451612903,2.8001435255025124,0.09444676456993327
0.8,1,9,0.8488189471725778,0.013548387096774191,3.215041837116106,0.05362352299196161
0.8,1,9,0.7211986439656873,0.06412903225806452,2.8500709350867015,0.11452427579939524
0.8,1,9,0.6805761286949691,0.03251612903225806,2.5828094292470727,0.11014843734794912
0.8,1,9,0.6791675461974634,0.03741935483870967,2.6863799076525043,0.10614552234588026
0.8,2,8,0.7412958120666598,0.5668387096774193,0.4930119914180265,0.19561588677337252
0.8,2,8,0.7419768086135073,0.39193548387096766,0.48286179774507465,0.15646744624934456
0.8,2,8,0.7208082271458909,0.6263225806451612,0.445371952480833,0.19637364121257087
0.8,2,8,0.6305113911030585,0.45529032258064506,0.59450732450307,0.22418890530464092
0.8,2,8,0.6790190328004275,0.4889354838709677,0.6188967508897479,0.1988584155130369
0.8,2,8,0.6890119713983951,0.2718709677419355,0.6367768111189256,0.16339578586964068
0.8,2,8,0.7244797016789546,0.49212903225806454,0.5475222811392964,0.1883120281776784
0.8,2,8,0.6154966102504809,0.40845161290322585,0.677926407196952,0.22581513349193755
0.8,2,8,0.67564926976843,0.513225806451613,0.6582158855920611,0.22155988624975034
0.8,2,8,0.7539908104387061,0.5446451612903226,0.36873287276599814,0.17911800521316373
0.8,3,7,0.7261913416631431,0.5672903225806452,0.3207876310788886,0.22986137445655425
0.8,3,7,0.6563613243593638,0.47939784946236563,0.40572337978112066,0.23783070374063606
0.8,3,7,0.6769040495280813,0.7183655913978496,0.31362137553328484,0.2652080879453944
0.8,3,7,0.5857920496729905,0.4254623655913978,0.42553379456950335,0.29533558218597217
0.8,3,7,0.6344714738786139,0.43191397849462354,0.4238444022191162,0.2432731219167744
0.8,3,7,0.7076126955044966,0.6088602150537634,0.4179696714348551,0.24752833921567213
0.8,3,7,0.6910536322796531,0.5477634408602149,0.4479509365272763,0.22869360898772306
0.8,3,7,0.7091725454743183,0.556258064516129,0.3835516474259848,0.22175330463855436
0.8,3,7,0.6256939845476998,0.5811827956989248,0.4125524125671324,0.2757261836211511
0.8,3,7,0.6812408897509776,0.6117634408602151,0.34440708709067597,0.25501791413640307
0.8,4,6,0.6173956079695201,0.48724193548387107,0.31267990801794077,0.28073770220189226
0.8,4,6,0.6494766886528947,0.6038548387096774,0.30392752826541575,0.3079548518525024
0.8,4,6,0.6737623708922392,0.5952741935483871,0.25250154662581664,0.2865155548003992
0.8,4,6,0.692259222179304,0.44280645161290316,0.289067226951081,0.2546480379669727
0.8,4,6,0.6723270064677506,0.7467903225806451,0.24289073814525325,0.31088482564954995
0.8,4,6,0.7339961726999995,0.7818548387096774,0.2576693171409796,0.30257560874527767
0.8,4,6,0.5739762834262239,0.5863709677419354,0.24222135643700238,0.34071312239829876
0.8,4,6,0.5722964942311178,0.4416774193548387,0.3178133550725138,0.2971426948293108
0.8,4,6,0.6809167701425423,0.5530161290322579,0.2519300992159087,0.28020297217267
0.8,4,6,0.6841437198732883,0.5432741935483871,0.2536254954669898,0.2786980088918391
0.8,5,5,0.6255024308178522,0.6905032258064516,0.2599878343441656,0.4010189259535884
0.8,5,5,0.5679065307787106,0.460825806451613,0.24888124201178113,0.3608486020797868
0.8,5,5,0.6915203151573541,0.5978064516129031,0.22692041985628278,0.33647346319180654
0.8,5,5,0.5589582577561802,0.4851225806451613,0.21078900856857086,0.3543719447645136
0.8,5,5,0.5541063225011946,0.506116129032258,0.21705497961828957,0.35545867649425145
0.8,5,5,0.6383590024111432,0.6931741935483869,0.10997568063037698,0.3627850057844373
0.8,5,5,0.625260281877067,0.5980258064516129,0.18577752672667908,0.3483248160408762
0.8,5,5,0.6890946268095363,0.6776387096774193,0.2276326831194374,0.3440736811980874
0.8,5,5,0.6266036887097624,0.552,0.20459847630945238,0.3442392968502174
0.8,5,5,0.6697849171400172,0.7227741935483871,0.19999564167288203,0.35509565387905817
0.8,6,4,0.6787614906141755,0.6611182795698926,0.11595077434692115,0.38400235226488777
0.8,6,4,0.6550195127040164,0.7207096774193549,0.07856868970048696,0.42840840539150116
0.8,6,4,0.5891946422132774,0.8280537634408603,0.07404576755927493,0.5079322599746576
0.8,6,4,0.6974444187670034,0.6115376344086021,0.16424994774356536,0.3491920907912893
0.8,6,4,0.6477597495466119,0.6601935483870969,0.10102197468650383,0.42332062011414695
0.8,6,4,0.5601099562341263,0.705967741935484,0.115255191321349,0.46015424406337363
0.8,6,4,0.7397632652209294,0.6597741935483871,0.11733788548565056,0.35675133239471096
0.8,6,4,0.5668731659122118,0.5287096774193549,0.12307339669627357,0.40248814053535203
0.8,6,4,0.5988801259184494,0.7239247311827958,0.1437351323245282,0.48159920210105206
0.8,6,4,0.518366419475696,0.5649462365591398,0.11608525781010286,0.45299304439852284
0.8,7,3,0.5017064416390509,0.615852534562212,0.10385391710119993,0.5564091223132754
0.8,7,3,0.48819895442723643,0.470184331797235,0.13817913016550296,0.5001791583257164
0.8,7,3,0.5237554664529678,0.6377972350230415,0.08449070577859248,0.5369269481373871
0.8,7,3,0.6335716270072723,0.6390506912442397,0.08845800249981452,0.5273606691556024
0.8,7,3,0.48455125433596435,0.7135023041474654,0.12558585123418378,0.5946268032016039
0.8,7,3,0.5003804107715958,0.6006451612903225,0.14446343258101393,0.558327598639729
0.8,7,3,0.6350268782934403,0.618589861751152,0.09324931334389422,0.4960985344656135
0.8,7,3,0.5549329378317716,0.6977695852534562,0.09954949557973782,0.5406873659150874
0.8,7,3,0.43124602137934503,0.702294930875576,0.12299946300017393,0.6599737583995645
0.8,7,3,0.6447990570640262,0.6452534562211981,0.13587204612300882,0.4960444452591926
0.8,8,2,0.4143117152954347,0.7281370967741936,0.08156185656353017,0.8216584389396455
0.8,8,2,0.32674381535365044,0.633758064516129,0.12251698377653639,0.9184308464463704
0.8,8,2,0.5469879541018992,0.6273225806451613,0.11643107762778447,0.6588857984258656
0.8,8,2,0.38590793963542924,0.5650241935483871,0.12422095570793112,0.7402718653148279
0.8,8,2,0.5262147919910948,0.710766129032258,0.12344359101024258,0.80107371569365
0.8,8,2,0.38457645472670987,0.539241935483871,0.10877906055548531,0.7755889494436881
0.8,8,2,0.4552939109423218,0.657024193548387,0.12502513340930968,0.7952820405409013
0.8,8,2,0.39170515345269596,0.558483870967742,0.10427869939945697,0.744786153876471
0.8,8,2,0.5483519672502815,0.7232661290322581,0.08309405243648253,0.761965696185421
0.8,8,2,0.454049552102163,0.6522258064516129,0.11244870327988438,0.8157249523744047
0.8,9,1,0.08692869272878266,0.46968458781362005,0.10906458643001452,1.3611667898269908
0.8,9,1,0.09206081605350726,0.47286021505376336,0.10824746139927847,1.4863849876144481
0.8,9,1,0.37566065205294397,0.7140430107526882,0.07057722344850094,1.3706722036657975
0.8,9,1,0.18232635573654477,0.5749964157706093,0.03672667716964988,1.4707595936543962
0.8,9,1,0.1487769440376426,0.5362222222222222,0.08366357462004413,1.3241920291097
0.8,9,1,0.1015515710477936,0.35345519713261647,0.11155082647479725,1.3080236358370185
0.8,9,1,0.08914842673047636,0.5896917562724013,0.10147691972098137,1.3917849822710373
0.8,9,1,0.18093238962087477,0.5282293906810037,0.10273002395478492,1.382443622494483
0.8,9,1,0.11104293462409737,0.5579784946236559,0.058434719180999635,1.4415923629293654
0.8,9,1,0.16804738844600428,0.5477491039426523,0.09068530567684044,1.3539453475719252
0.9,1,9,0.7459516160816498,0.001419354838709677,2.6479998613893567,0.07452249276208743
0.9,1,9,0.7486156713321792,0.04787096774193547,2.693107480977992,0.08205840619438604
0.9,1,9,0.6946718441090004,0.02058064516129032,2.526282499841441,0.09023497981291494
0.9,1,9,0.7567391403032038,0.007290322580645161,2.695775017189055,0.0765249773493045
0.9,1,9,0.6715066510725469,0.005354838709677419,2.674227195869904,0.08381155401342442
0.9,1,9,0.7470798031650393,0.009419354838709676,2.7746155866933266,0.07785619286312132
0.9,1,9,0.804570180558135,0.07380645161290322,2.688347247453692,0.08188191778253212
0.9,1,9,0.7300824099825178,0.030967741935483864,2.7263349930847003,0.08116540253124017
0.9,1,9,0.7176544193471505,0.0,2.693439368039608,0.08127721767354316
0.9,1,9,0.6975025128499174,0.014,2.6782057797167695,0.09243445429400915
0.9,2,8,0.7278942157066594,0.6238064516129032,0.3978778841128508,0.18013531097573005
0.9,2,8,0.6476462124764641,0.4562903225806451,0.6839444211587009,0.21052846601157646
0.9,2,8,0.7153255526092378,0.4928387096774194,0.624975954880553,0.18743644583235583
0.9,2,8,0.7533079608472061,0.45412903225806456,0.5277416090010048,0.15625097534470495
0.9,2,8,0.6784598138789943,0.48480645161290326,0.5779625343659655,0.18712297607845443
0.9,2,8,0.7479962548554524,0.4567096774193548,0.4954449505117534,0.14204244955178377
0.9,2,8,0.7558258274206573,0.5298064516129032,0.47472621594920567,0.14771763017660733
0.9,2,8,0.6417341450093416,0.5139032258064514,0.641056860338949,0.22086304861973866
0.9,2,8,0.8174312766036981,0.2328709677419355,0.35807630863749434,0.08335467524136297
0.9,2,8,0.6933647068835816,0.43670967741935474,0.597195064203375,0.1739201504176507
0.9,3,7,0.8491235346208976,0.5835483870967743,0.3349721266157078,0.14767658496002456
0.9,3,7,0.7520261445977149,0.5125161290322581,0.3178532472988284,0.17281680137146807
0.9,3,7,0.711213951247445,0.4074408602150537,0.40807017006722385,0.18881148809308704
0.9,3,7,0.7753031418984362,0.5121935483870969,0.31077894299071585,0.18269026368698046
0.9,3,7,0.6842542387352298,0.3918279569892472,0.44979931501584947,0.2076905558273704
0.9,3,7,0.7232851175510091,0.4362365591397849,0.38076713799586287,0.17802089810216595
0.9,3,7,0.5855108316400617,0.42223655913978486,0.375337883991304,0.22239012835943492
0.9,3,7,0.6841374121563945,0.6370107526881721,0.3233227577149311,0.22847131616917737
0.9,3,7,0.709621501453887,0.3661935483870968,0.344413042513247,0.16793064929466414
0.9,3,7,0.6800593521293992,0.37176344086021496,0.3943982885705084,0.18831594488672018
0.9,4,6,0.7205184715972814,0.5451935483870967,0.24305505723016743,0.21976897049835406
0.9,4,6,0.7362368660287864,0.5675322580645161,0.1582692490002064,0.21856089908805867
0.9,4,6,0.7413739671620401,0.7290483870967741,0.15080954478871764,0.2703396427588453
0.9,4,6,0.7544922945101048,0.47072580645161294,0.2665139464807693,0.18742894350983488
0.9,4,6,0.6491621735884437,0.5669032258064515,0.2723001346400956,0.26503353677981123
0.9,4,6,0.7526262769258482,0.5522903225806451,0.20030023496272548,0.2290246278566702
0.9,4,6,0.7608320219776794,0.5302258064516127,0.293264467255563,0.2012973680517535
0.9,4,6,0.5969364079262446,0.4454677419354838,0.27698982544726003,0.2597340471369446
0.9,4,6,0.7294977418735739,0.5501774193548385,0.2679084789414843,0.22711553345203278
0.9,4,6,0.6873101887357114,0.6318870967741934,0.23302126721362312,0.2601947862609511
0.9,5,5,0.6671764966516212,0.3099741935483871,0.22843623129635582,0.22656552270102076
0.9,5,5,0.6187914938259732,0.5904774193548388,0.17032344939315874,0.3118260740481688
0.9,5,5,0.6415430540623827,0.5843612903225806,0.24448557379425867,0.32041443579258255
0.9,5,5,0.665880909343572,0.5629806451612903,0.14521123550013862,0.3003318708328485
0.9,5,5,0.7100849436221883,0.5111096774193548,0.19858929960761998,0.2681412118965451
0.9,5,5,0.7201033027113671,0.47131612903225806,0.22482665684479736,0.2529199971140063
0.9,5,5,0.637674595099013,0.580916129032258,0.23649712998796016,0.30876245737749014
0.9,5,5,0.6284904717879428,0.39455483870967745,0.2145209750699254,0.280877627606851
0.9,5,5,0.6586516394180169,0.649083870967742,0.23915087728281717,0.34373680495556014
0.9,5,5,0.6604761706525817,0.4223225806451613,0.23607209733035633,0.27010456061785937
0.9,6,4,0.6268861831558868,0.6181935483870967,0.11735556874270142,0.39436445809105786
0.9,6,4,0.5444289722732326,0.47864516129032264,0.15767113875259872,0.3842660267228445
0.9,6,4,0.5826808911874847,0.531763440860215,0.16345294682867773,0.3745659017280837
0.9,6,4,0.6519550770911496,0.6618279569892472,0.10129794393982297,0.3887676422255698
0.9,6,4,0.7069220773918651,0.6817741935483871,0.18552593227784558,0.36307834414874357
0.9,6,4,0.6157543810415748,0.6091935483870967,0.16315630798556233,0.3732756998082184
0.9,6,4,0.6174607485546634,0.6451290322580645,0.19692917982024954,0.40362962574987443
0.9,6,4,0.4671237089109253,0.5331290322580645,0.11167670258046192,0.447126201981529
0.9,6,4,0.6627108557816296,0.6494086021505378,0.12721772825594502,0.40251264529295233
0.9,6,4,0.6448779658099009,0.641774193548387,0.1525944354551541,0.38118363789184184
0.9,7,3,0.5825402853030257,0.6686359447004608,0.07976071325856611,0.506066814765997
0.9,7,3,0.4904845834287107,0.7559447004608294,0.10388983940871148,0.5874702399154377
0.9,7,3,0.6028801742826265,0.6196036866359447,0.14915714404012229,0.49391481408166216
0.9,7,3,0.46361201735616947,0.7971152073732718,0.08851955498494539,0.642620916366849
0.9,7,3,0.6542510392441427,0.651557603686636,0.152632054132029,0.493927811883151
0.9,7,3,0.4710341560627875,0.6794930875576037,0.1300556650829114,0.5879185645365241
0.9,7,3,0.5660841235002367,0.7490046082949309,0.06344969170380439,0.5744696665465713
0.9,7,3,0.5240884650204518,0.5296589861751152,0.11654502904913286,0.4933730785479456
0.9,7,3,0.5716353487524322,0.5654562211981566,0.14809018954419476,0.46361653899899385
0.9,7,3,0.49262070132402186,0.4995760368663593,0.07090375912047647,0.5187668348247416
0.9,8,2,0.3290948478938698,0.5372096774193549,0.11875596836340287,0.7769037833492335
0.9,8,2,0.37771407399800727,0.6408225806451612,0.0792367343115278,0.7415252369418796
0.9,8,2,0.48473961704040447,0.6490322580645161,0.10480410965616706,0.8066170970675688
0.9,8,2,0.5393538235887172,0.4926209677419355,0.12889538145225507,0.5863827908402282
0.9,8,2,0.4145087185515958,0.7183225806451612,0.072430170259334,0.8522882033663751
0.9,8,2,0.3401803946590016,0.7241532258064516,0.09503041626554014,0.8480907182001115
0.9,8,2,0.33472025112462156,0.7041290322580644,0.04706187912073729,0.9303505694869518
0.9,8,2,0.44861437518045616,0.747233870967742,0.08003564484402781,0.8069549802547099
0.9,8,2,0.47854656804143414,0.738217741935484,0.12011296900352525,0.7896313138765793
0.9,8,2,0.41921727183893454,0.5692419354838709,0.12402758030745346,0.7604642550540542
0.9,9,1,0.09376145319510738,0.3657132616487455,0.10648407902679691,1.2811648994364417
0.9,9,1,0.21720775260735753,0.6181935483870968,0.037118144392760385,1.450097566876385
0.9,9,1,0.15541597192627024,0.5759641577060931,0.07644503867656878,1.43440994583283
0.9,9,1,0.23576295363679783,0.6332759856630823,0.059797746785195824,1.3870599624447382
0.9,9,1,0.20177283293245193,0.555189964157706,0.05032380551739102,1.3267348669349146
0.9,9,1,0.2610818530658695,0.4983942652329748,0.10503334128214291,1.3249343719592537
0.9,9,1,0.16823980750559206,0.5499784946236559,0.10924510618614724,1.501103124335767
0.9,9,1,0.10314601446943655,0.5029462365591398,0.0640852928473365,1.385486735543805
0.9,9,1,0.1186618444309682,0.5826594982078852,0.10575438933552538,1.5347450969730172
0.9,9,1,0.21554435612921014,0.46135483870967736,0.0896354357432849,1.248271362449284
1.0,1,9,0.6946618621799119,0.03206451612903225,2.383682815358643,0.08839783658816393
1.0,1,9,0.7997166794584206,0.10277419354838707,2.441083407590705,0.08210624727634457
1.0,1,9,0.7772719746860541,0.04077419354838708,2.525760104640807,0.07561352957719018
1.0,1,9,0.7074216109997017,0.032774193548387086,2.3715362444818164,0.0830443977235625
1.0,1,9,0.7007167766431112,0.014709677419354836,2.4744700106657276,0.09169305744301298
1.0,1,9,0.7378271641694674,0.012,2.5114709290675825,0.0792456040212271
1.0,1,9,0.7154899306341305,0.028645161290322577,2.430224999927929,0.08448140731091344
1.0,1,9,0.7308472667885854,0.0025806451612903226,2.6086109131606063,0.071408025139375
1.0,1,9,0.7310303971312242,0.01535483870967742,2.464395962342068,0.07444364621783583
1.0,1,9,0.7435920154571786,0.006258064516129031,2.4896625287554563,0.07122363750819839
1.0,2,8,0.7008376202255072,0.4925806451612903,0.43990535568404776,0.15351043629166042
1.0,2,8,0.7519827742513686,0.5379999999999999,0.25764832153909767,0.12272776929406619
1.0,2,8,0.7702830570873865,0.6269677419354839,0.37411461364040827,0.1480559660899418
1.0,2,8,0.7413430399304436,0.47261290322580646,0.4413501701841982,0.13929049775255958
1.0,2,8,0.7140301931631355,0.4939677419354839,0.5346361898368582,0.15005864306474775
1.0,2,8,0.6802535793753389,0.4861612903225806,0.45323677431422243,0.15960602051541728
1.0,2,8,0.7572775757539696,0.532,0.25010460278996394,0.11533200259600423
1.0,2,8,0.6846376932464243,0.5091612903225806,0.5681693063343889,0.17546511821400837
1.0,2,8,0.7303633171137471,0.5722903225806452,0.4374601193664579,0.15676070775116227
1.0,2,8,0.7356745112744375,0.7484193548387095,0.19729159658442166,0.15914433156533134
1.0,3,7,0.6507479959691391,0.39139784946236544,0.3285159603808348,0.17183606645244578
1.0,3,7,0.7058546913724317,0.5671397849462364,0.3027026476571574,0.17233889099678273
1.0,3,7,0.7265341931717572,0.4213978494623655,0.3295136087919491,0.14540643095209949
1.0,3,7,0.6856892571440749,0.5881505376344087,0.2657820666530445,0.17664144521792524
1.0,3,7,0.7492069083173075,0.5165161290322582,0.2787732184724284,0.1351736660701214
1.0,3,7,0.7650049857172292,0.6533333333333333,0.23898441872720172,0.1536994664761238
1.0,3,7,0.7564663906745532,0.7184086021505377,0.1390328608862966,0.18029088717076558
1.0,3,7,0.7235130134214632,0.49802150537634404,0.28310710757090213,0.14416321940492066
1.0,3,7,0.6927590811638804,0.4266881720430106,0.2897469657686143,0.15629949246122465
1.0,3,7,0.7296326534404938,0.3836774193548387,0.2940353751892741,0.14053671261422365
1.0,4,6,0.6817623277035436,0.5661451612903224,0.2594585278551581,0.21133861197309445
1.0,4,6,0.7004656167451713,0.4949677419354839,0.29447766728076646,0.20153715900338126
1.0,4,6,0.7220553490706477,0.514241935483871,0.25859724586400756,0.19809902133771157
1.0,4,6,0.7307247412898493,0.5366290322580645,0.2518596535614717,0.18253765400318683
1.0,4,6,0.693209812017034,0.46088709677419354,0.2376772144516333,0.19277145749242108
1.0,4,6,0.6466962716088623,0.5413064516129031,0.14820927441658008,0.2050341646708335
1.0,4,6,0.7407890505324538,0.3762741935483871,0.2611564493329798,0.14820242594273283
1.0,4,6,0.7129391705212552,0.5528709677419353,0.20741078982430614,0.1934031541592223
1.0,4,6,0.6422811771220399,0.6340483870967741,0.26597471964192043,0.2412293362497414
1.0,4,6,0.6134702600669696,0.2947096774193548,0.26031438471257695,0.19257200237916586
1.0,5,5,0.7128073753810935,0.7001935483870968,0.16919844063638986,0.2772981240070227
1.0,5,5,0.7528630517258335,0.4156258064516129,0.21229422700236233,0.1864819286092137
1.0,5,5,0.6713237036166604,0.5507225806451613,0.2165046983348562,0.25702008521256403
1.0,5,5,0.6559078124928013,0.48616774193548384,0.23767301895740664,0.21817806043925023
1.0,5,5,0.7190842616153442,0.5732645161290323,0.16183256547795344,0.2183280056776185
1.0,5,5,0.5847592596784308,0.28086451612903224,0.22434423995905062,0.24216063871797014
1.0,5,5,0.7866381473053452,0.632167741935484,0.16666019849593913,0.23057402592460016
1.0,5,5,0.7103951018256616,0.5438451612903225,0.21105344210012345,0.227386321119456
1.0,5,5,0.687062604897151,0.5062064516129032,0.1853387744688774,0.23764183935800104
1.0,5,5,0.59213224217099,0.6200774193548386,0.18771139598870665,0.2824851645573557
1.0,6,4,0.7042366504081294,0.5137849462365591,0.18851055556183924,0.2866492600604112
1.0,6,4,0.5784901190048214,0.47213978494623654,0.08121643574639797,0.34119089944849795
1.0,6,4,0.7008204750483596,0.4431612903225806,0.15429505473972605,0.26442889657455837
1.0,6,4,0.7510965264399906,0.549731182795699,0.17032798056095774,0.2528636283508854
1.0,6,4,0.6976075305283592,0.48927956989247307,0.15702305790804472,0.28449789925277
1.0,6,4,0.7119276884115389,0.5894731182795699,0.13837488121793876,0.3107405447171068
1.0,6,4,0.7428712806247428,0.6408064516129033,0.1326849223812214,0.31040944312646956
1.0,6,4,0.6583836971232712,0.4829032258064516,0.11489697658975256,0.28731083126740375
1.0,6,4,0.6488373064513546,0.586752688172043,0.15954911461869403,0.33106749140325803
1.0,6,4,0.5908460870505889,0.5626774193548386,0.13771872690570605,0.3477229766606629
1.0,7,3,0.6395338942997689,0.5265622119815667,0.12966825670697227,0.4061860842253667
1.0,7,3,0.5969428908108534,0.476073732718894,0.16019338697829946,0.38360844904557134
1.0,7,3,0.5559224434770043,0.5959354838709678,0.16076491792963343,0.49019741525253546
1.0,7,3,0.5662495923628801,0.6404608294930875,0.1244652857173552,0.4799958689830643
1.0,7,3,0.6127659545555293,0.46046082949308753,0.14252972004020492,0.3843832372745394
1.0,7,3,0.6433375175573187,0.5255852534562212,0.14411872274120496,0.3854647467124343
1.0,7,3,0.5976354201632103,0.4767557603686636,0.1555644129055974,0.41137775743115934
1.0,7,3,0.5722797203982459,0.5131520737327189,0.1273136602285171,0.4276582784279315
1.0,7,3,0.6708526447869099,0.6678433179723502,0.08180241819696553,0.45383751508621323
1.0,7,3,0.7032635034334601,0.6829861751152073,0.14364884488027738,0.4183701976101993
1.0,8,2,0.4159989542937455,0.5523951612903225,0.11054049068513652,0.737688779383808
1.0,8,2,0.2926610356492021,0.5589274193548387,0.09568283286082614,0.7598890014606752
1.0,8,2,0.4998754243899766,0.5040967741935484,0.05533276144717714,0.6257975524982817
1.0,8,2,0.5763383601503892,0.6240725806451614,0.04574979413190289,0.628773953982906
1.0,8,2,0.5487239310427665,0.5802338709677419,0.11115856608324703,0.6347261069328979
1.0,8,2,0.5593971325383572,0.6226854838709678,0.0581170007701892,0.6726398815698414
1.0,8,2,0.5740631909775323,0.555258064516129,0.0957831176509613,0.603283055029751
1.0,8,2,0.5732049545445468,0.6252096774193548,0.09458810419042975,0.6597120375302352
1.0,8,2,0.40111094262162095,0.6161532258064517,0.04665172149287694,0.7607188381539703
1.0,8,2,0.5079066613384559,0.661,0.10727713902303905,0.6870646204953968
1.0,9,1,0.2482671372636617,0.5867025089605734,0.10259629393922844,1.3878205391238116
1.0,9,1,0.14553970739573494,0.501426523297491,0.07544917542927317,1.4051252415320783
1.0,9,1,0.11467272207989515,0.5698351254480286,0.09999450845638877,1.4749594278625542
1.0,9,1,0.12190039387259739,0.5631111111111111,0.09387124529739765,1.5163726026726754
1.0,9,1,0.16525903815257972,0.5165806451612902,0.08422818275398163,1.355661749798868
1.0,9,1,0.09041773396317677,0.4166523297491039,0.06846395643757203,1.3226379940889281
1.0,9,1,0.0733940140387931,0.6005734767025089,0.08707025514770991,1.6131473862548595
1.0,9,1,0.21985905133052017,0.6005591397849461,0.043797278473978456,1.3357390220887644
1.0,9,1,0.12058309818967396,0.4664516129032258,0.030335819720492326,1.323473390008549
1.0,9,1,0.3102364288204427,0.6366881720430106,0.06873545821101541,1.3270555648716773
